f1,f2,f3,f4,f5,label
0.7517903247683707,3.1842582393824945,0.09201879748338249,1.2273943957466198,-0.9973100461876464,1
0.8073040985734946,1.1266803898452895,2.787602841819583,1.9880432927488751,-0.3319535425413508,1
1.5631542094649562,-0.49505406198404245,1.7271004137750894,1.3085304134603704,-0.4135009186528287,1
3.0026850900783013,-0.5474405439390505,-0.08745640917557429,2.5868706924762703,0.6085240157070144,0
-0.6840309388995652,-0.5566517957433048,2.4397895146205997,-1.8624433600484684,2.1601161828991238,1
-2.079091681409695,0.009802479646078055,-0.46567629855453907,-1.9025443517898109,1.9778110773830824,1
0.047219508186401526,-1.4629118518998496,1.0659748636554465,-0.059357466592036,-0.7133349224638976,1
0.8040694161440183,-0.19361406172346762,1.4770654246243917,0.8926936350364488,0.5578302688590266,0
1.3652512501615126,4.183177961041252,-2.1825630132820657,-0.011293415085242842,-2.8886522956064526,1
1.6010086894832019,3.333676427643586,-2.8639382549042818,-0.5735209740244387,-1.8582914883450465,1
0.9552400100770242,1.79667256263898,-0.11877346584819182,0.8347325501823566,-1.3110505755007418,1
2.029284105648676,2.9553065822525477,-1.434376967374516,-0.11409319499877713,-1.4913823240157584,1
-1.6569646825746829,-0.5360324782223401,-1.8439378985324093,-1.26985267778009,0.9932394716219273,0
3.6496130994642657,-1.2106796365655201,-0.24449005440278815,2.6405959491513444,1.4171125146424162,0
1.4569177055938085,3.0310168078684163,-0.7487245074262685,0.26800758682742665,-2.411175604907432,1
0.8515731053536637,-1.3002496787179738,4.575373253802622,2.616582374259708,0.26782983714728603,1
1.7828850350778596,0.8956510006692953,2.207793349513514,0.38282390685451784,-1.1463547805290661,1
-0.8250750620605283,-1.4897776643229508,1.4920817529334638,1.0126671952545716,0.8939649044858899,1
1.2741963354181856,-2.570552037005216,-0.1830178902880214,-1.185023907974246,-0.7330919994535277,0
2.5836810903978327,2.525774836587732,-3.6496208506443963,0.7306957924435036,-1.4746445404513584,1
1.4860189894205857,-2.397024597478392,-1.0466400396954612,-0.32624866942574315,-1.2383609736165107,0
2.4401426675908535,-0.11126771956252157,1.5015056223192758,1.4608200265842652,2.0641709099584036,0
2.7604817071896095,-0.9802753384105776,0.8120505936153697,1.0948767374771964,0.9989321603780316,0
3.254941852410129,-0.3303207892011061,-0.015637606469394383,3.862396640041151,0.5956972470390075,0
2.106638979806236,3.707712529884496,-1.7581303894807152,0.6988691428630983,-2.950068935288976,1
-0.21603264143108603,-1.7379262437321077,0.050322056721512576,-4.187666826388419,-0.7269226123262249,1
0.4406641722749173,-1.3603116018066412,1.4205100265852968,0.28856436747841085,1.5822842784072135,0
-1.513073716010782,-1.7813875186746997,2.0679691006317116,-0.33873795273196483,2.5689382494853095,1
-0.6290613811518135,0.5739227588282176,2.358042097972232,-4.466020310266901,3.25878126893375,1
0.13857252445036616,2.0571542225533808,0.5300470852327733,0.3932123517349895,-1.6242785350635192,1
2.089245288279873,2.910244982852319,-0.8557197849925793,0.08418412780020379,-1.626275308275636,1
-1.1875061915899572,-0.5610210079443758,1.4022746238279975,-1.2456743463565187,1.5800734776645255,1
-0.4335204184364614,-2.01706469430229,-3.4731762682455676,-2.3076900242147365,0.4299478026090816,0
2.571362326128945,2.1614990780507717,-1.1888422787517792,1.020135787063899,-1.6327881907576534,1
-0.011294483101240704,-1.8444612782841086,0.5193544907269603,1.2968317502778277,0.8906194096224259,0
0.6002905448445915,-0.1082108656501739,1.2428547133112873,0.22259977310752188,-0.0510172580784366,1
1.302969333255981,2.789408283414257,0.4495995636796907,-0.24762366004137082,-1.7583052112706168,1
1.4669290545415998,-2.379517816616371,-0.6788764260166786,-0.9141787320159015,-0.5883549587603518,0
-1.0135255859663126,-0.845594529814345,0.4738745636859929,-0.05878668810464216,1.6957170955934275,1
0.8367108469754713,-1.1518474244539,1.2398913016072282,0.4873968772740819,1.539798687406457,0
3.9196855971229043,-0.8682126756049391,-1.1127336729738886,4.38115103716019,0.4649945943056415,0
-0.4198432799265255,-1.1285093857511774,-1.7802022292166293,-1.0751557315924851,0.3925503143999852,0
1.1247799778627432,0.5140887473149764,2.025960298951574,1.2813268221039862,1.462913094566622,0
1.3671285462024045,-1.0401023028481535,-0.988019555103772,-0.35190252056164295,0.4914945821707596,0
0.9916326210451398,-1.2490175770229275,-1.2983389971172614,-1.4144132169088064,1.187478875199615,0
1.331544283796592,2.424827055560355,0.3231191923740151,1.6249718100759818,-1.2471183103233803,1
0.6462894641973301,-0.7898489254013517,-0.56215508506626,0.2999888108613984,-0.18173093686107133,0
2.2792618437023195,0.7947492156580319,-2.1456748268179853,0.3074661828696833,-1.5471490733848206,1
0.23743457396898515,-0.143013884719579,0.9117612804142561,2.7613002196521124,0.26830894876243916,0
3.4644114489849693,-0.3191435076306942,-0.17397318676493811,3.34465614855123,0.6515729157045478,0
0.6820391351014115,1.3159076914977865,0.65514155053079,0.8955356458976674,-1.667404680899874,1
3.3297122759747584,-0.05851350316142312,2.511560739225188,0.3802798581027862,1.738547306710735,0
1.6171367133590637,0.7420143730351675,1.785886086172742,1.9650774004234464,-0.8610929532900631,1
3.105326151535789,3.7338242398080084,-1.8116782870660768,-0.01084839614538402,-2.6350907722855386,1
0.8534085197165172,3.4401403055421578,0.25611086510538084,1.6477668223742385,-1.0501758229293734,1
0.11607070063957714,0.4822952769733777,-2.230464260344713,-1.357300018991476,2.8023556061971986,0
1.1333366251099288,-1.2139115305321682,-2.0296814774845937,-1.2239540900269654,0.9282184246280287,0
2.103638780939934,-0.5677736974873537,-0.020913828196494455,-1.0866851236365853,2.0784877016809937,0
1.0683006359920033,-1.9052682341735472,-0.3763250390792583,1.5656996659946216,0.23428630017197638,0
-1.8726953444471235,0.5070753608393475,-1.721630524027204,-2.228962281526003,3.469629080327986,1
3.079843977559452,2.3816991589023973,0.3532780037488982,0.8937003230454591,-1.4702380949680232,1
1.311547257540393,2.7708494526258316,-1.1453857753005314,0.5381884727056248,-2.086772933177838,1
-1.5190321208411635,-0.5604388360589504,1.428819890670472,-1.3292380167980018,1.0401754315516023,1
2.04773846932675,0.04192278326251486,0.393754088331141,0.5616615320742417,1.159451228454172,0
3.097760949445578,-0.4000466066390539,0.4662161890572425,-1.7397656092952958,3.2271325208034454,0
2.046595660094706,-3.9224705973951437,-0.8029237146220858,0.754079219971092,0.42107748453091043,0
0.20547871249264715,-0.5909586293473541,1.4367374744142614,0.9750096418742659,0.9997051542915274,0
-0.38816809761735627,-3.204596542374023,2.973595458313039,-0.26984195862861515,-3.71665994281269,1
-1.6106204708889562,-0.5790020198238419,-3.5656041037031456,-1.551846799247578,1.0821912630153103,0
-1.7730678956347674,-0.9642600578786574,0.4456588219857205,-1.9847143426129454,1.6664297398197214,1
1.2127499845614993,-1.3997641812339563,-0.7353375647731603,-0.7011921049586911,0.23693833117463114,0
-0.26160946029522203,-1.3305031362435344,1.5875844658345528,1.4194336237247849,-1.4066181039128454,1
-1.8959978362551517,-0.9344191053973725,-0.4350776023980496,-1.3229759625120299,-0.7593627059340637,1
-0.23466573031937465,-2.240856444162068,1.058155377816807,-0.6466759479722508,0.6517429846024299,0
1.0013485334758108,-0.6226196600552966,0.7773872511810977,1.7373803185408268,0.8379514242934726,0
-1.521008873615409,-1.6385995267488511,1.8728544531505957,-1.0404934810462323,0.54743920361829,0
0.35861598387382987,-2.9477301112133985,0.12080214713386805,0.05518364982944368,0.1123376057472042,0
5.104680512282947,-0.4833502168446764,0.40418878587675267,3.7617848195742107,2.932285707460853,0
0.2506606509634356,-0.5416434712492482,-0.48846461148247233,-0.1409612676289288,0.4329719769909107,0
-0.6563244774754375,0.2766521191206459,-1.894321804594739,-1.2508536745729186,2.1454610039051003,0
4.781310109034276,-1.5417047692833283,-0.5646408555493516,3.638629100576133,1.6166972043694552,0
-0.5550490097748433,-0.4445253784594968,1.9027706171455212,0.260595900317373,0.5352566566750554,0
-0.20785196152742902,-2.685243537816051,-1.896012240557242,-0.8907251350172432,-1.535738475979986,0
-0.3808672261552162,-0.6607956358113176,1.8442954059419696,0.4839724957632717,1.4594065665315403,0
-1.4410145498826437,-2.778672142757616,2.5753556432455325,0.5429686916015803,1.7253451120229004,1
0.005926301646251186,-1.0872621231170803,-1.8821875702331203,-1.142787844149319,0.6390675580447053,0
1.4436085434223624,-1.4631491534127257,0.04802163649030444,1.8142480444736617,0.06824887667574064,0
-0.7481066952139805,-0.6410566878991509,1.736338489067705,-1.7142926623275851,2.0345438000061478,1
-0.4403698072796265,-0.25405637646456514,1.7399896193979183,0.4730153168196166,0.4787422364002658,0
1.2099211953297875,0.009920226299608537,-0.15681618569303357,-0.1711056269170539,1.4977112739775722,0
-0.22244454370791544,2.4336868715946967,0.27581903321239,1.2651364692181137,-1.9092638998944906,1
0.2285660411012368,0.7829688891633998,3.399132780870246,1.5538358543091877,-1.4279658815505076,1
-0.5246592333904172,-0.9002754405942966,-1.1965922003037468,-0.8678162629140214,0.4430273715158455,0
0.3563755743385725,-0.5929876551719491,1.8510836852576729,-0.40919394124176534,1.583823021569131,0
1.7620986337737183,-0.8508981319464344,1.2426198255293701,2.3591856177366344,0.3563889975102228,1
-0.04287383304197934,-2.2919304095717905,-2.228571288641804,-0.9631024144396388,-0.9634681766795274,0
0.8554749228818946,-0.17787010327834574,2.2895954267254055,0.6305945364205184,2.081496807374506,0
-2.5497747866000244,-0.9808526342653481,-0.2755601065156412,-1.5064663797645996,2.04189663592748,1
3.534071789888155,-2.684483931282416,0.11589906972541897,1.0699576822680794,1.6746057498766755,0
1.3062768852509818,4.490632851405556,-0.5279326242683451,0.9162764812766022,-2.0520881450237116,1
-0.06663792640604993,-1.6766649092427577,-1.9549934823956625,-1.044425110620512,-0.13882681418807707,0
0.9884398725956219,-2.238266924250622,-1.3132187380392457,-1.7590015055807346,0.24602925035658185,0
1.7724861423311988,2.712257145675,-0.4787743358360592,0.0028557232152265355,-1.4590519515066775,1
-0.845580018520371,-0.5619525086924488,1.9334260693589767,-1.8387874553496157,0.96766443160105,1
-0.2937918862845308,-0.8481586250523625,3.6437438158855047,-2.361815364641481,1.1261596179816873,1
0.228946286318366,-1.2232496392518002,0.9948906726062844,-0.22377235487519997,0.3832816909032437,1
0.27662157536796206,-1.2089219519885774,-0.27379798117254395,-0.04543900749676488,-0.36678290705102623,0
-1.8965001937751274,-2.8439247965901395,0.8695198242891522,-0.9561225721497592,-0.3352241819839763,1
-2.127429184343494,-1.6121109659651212,2.047661775172344,-2.092992841786753,0.7579030767944004,0
0.31846112579180486,0.040681423762880975,1.2513307539275806,-0.06199863283775264,-0.40824096589034853,1
-1.5650984483290027,-2.190834198820694,-2.3572143751463934,-1.345627686635706,-1.0939995754237715,0
1.0040812586670829,0.25349636020524624,1.2056307358473832,2.6113491121443078,1.1977184037286257,0
3.3445725435501705,-1.0358336265852521,-0.30604465944044135,-2.3637800860488642,3.0483637203509377,0
0.19905273803807466,-1.440473262906686,2.2205588056589614,-3.1855851373151354,-1.6538367983837983,1
0.3274166511974611,-0.811401715998065,-1.2623419394652782,0.134375187082588,-0.1758473617980605,0
-2.034631904579413,-1.4407092621018103,-1.186603016217925,-1.414597862438399,1.6302828963960958,1
0.05337684912378993,-1.0714987473537885,1.577190659596714,0.4748418362847884,1.581536115181055,0
-0.8317295965786193,-1.8389256111718848,1.8578602017567722,1.8090698650592079,1.7927237668845488,1
-0.8448514553344133,2.232805211904827,2.2648757802500485,1.1146155184885522,-1.6658712398622726,1
-1.3047082084278219,-1.4423048122151914,-2.7656302795723415,-2.005344226545742,0.5811627555730875,0
-1.5438235277948693,-2.0447031585426894,1.1762704805379514,2.259127103960655,2.606369896625356,1
-0.3658201045220216,-1.404880493583953,2.4806078551732478,2.040476175227844,1.9513453117455115,1
0.4028919461306506,-0.7677617954763845,3.7386948766870636,1.4465813633519187,-0.8516285310972935,1
0.501695099304039,4.235768187108224,1.532041314113413,1.0582200969144029,-1.5149371475823923,1
0.2971879353655539,-0.5133639284478541,-0.5342129330987807,-0.303556888569844,0.735707851897917,0
1.7355464687822606,-1.5117526031094646,-2.0835727249632474,-1.5963270493342288,1.2227736224573953,0
-0.0296194060666779,-2.023426462314176,1.5853502735580127,-1.1916002857639723,1.70220878626174,0
2.477717341052868,-0.7427776427168984,0.17591695347041347,0.041078183287753145,0.7702493775815298,0
-1.30471297034169,-1.6238589409466653,-0.7441205997568558,-0.1660458019611294,1.0077536457255192,1
0.14325486085858152,0.6382548386558328,2.2264832539361294,2.064237786190203,-0.6563487589109184,1
-0.9185799171672739,0.2749355377665592,-1.123291381389895,0.650236892358325,0.07388586949234133,0
2.5720805231471897,-1.772800934161396,-1.0846031345890828,-0.33890715136526395,-0.06837240219610274,0
-1.7063391243521493,-1.707848012279478,1.804135595344785,-0.32305388295182413,1.7154987085931999,1
-1.6527528470569175,0.2468832605526421,0.6135941911382554,-4.008158725594599,3.2321192941351766,1
0.3117984552173373,-2.746841923635824,0.6433866443315089,-0.4408377404665287,1.0015771416945414,0
3.619343976146881,-0.832277732976749,0.19955039749662007,2.7093463432598086,0.8994051238369948,0
1.259747633026364,-1.4180071330554642,0.8690639843535624,0.6815178699341004,0.9131815379584405,0
-1.6050674170752823,-1.3037400593259414,0.5140987470603666,-1.102169489525588,0.3000263237435249,1
1.620097334140511,0.9366337472840518,1.095462674646595,1.4601850229246724,-0.27001848828062025,1
1.6125006648912332,0.0010603045908841313,1.5463095826692013,1.9939972108636663,1.743455276368338,0
0.5016288110193088,-1.1829212166264405,3.934851674817397,-2.297774570083412,-0.42955500628414156,1
1.4373274119342578,0.22374122266841523,1.022263319549782,1.7216067264747574,0.6997359529247097,0
2.8350118929550137,-3.6144504956318917,-0.9529779619668923,1.9164841997088389,0.836588183575639,0
-0.4151199315081733,-1.4520343734682462,-2.3246946181432175,-0.8923254026906451,-0.19404169714590713,0
0.6415653452691503,-0.7592431976853034,3.1586251866005455,0.19514685801043186,1.453854016503123,1
3.4583370095288632,0.7315589793240971,0.9350663193087987,2.901847035400203,1.32136997904231,0
0.13022990732733652,-2.6517912232346754,-1.769603636079336,-2.0544911235154677,-0.33939602885402165,0
0.5321508792853051,-1.7764569115231603,1.366613827554107,-0.2650822723081325,1.5427687765652558,0
-1.0648097626065198,-2.5027516469998066,2.3836649138929933,1.2544270776875672,1.073833732405147,1
-0.9504461795188714,-1.612864957697768,-2.0124673769017702,-1.6037630616881957,0.21762700268699808,0
0.04921847652768119,-2.09862979315163,-3.491572721309938,-2.137341051351207,0.28143036952607803,0
0.023044911562306147,-1.8613764661461096,3.2731472234844077,-1.450538340170452,0.2580181681388162,1
-0.7685235730375409,-1.211440694723376,-0.3658978164007012,-1.7381582042775432,-0.38900927996308754,1
3.656978281372397,-0.9621914398703515,-0.3659341414447821,3.0713699860050805,0.743525887901626,0
0.4076713919893985,4.816315648634562,0.4906735512256438,0.9362432906534441,-2.955454902282109,1
-0.9501757612650283,-1.7700216964098128,0.14264420080280849,-0.8811167174853289,0.8330195616144812,1
-1.7212376432860317,0.006057940597987921,1.611436798912147,-2.928877725457119,2.894034796110487,1
0.577583712474173,0.39572427178685365,2.569492147675607,-0.26614630248462934,1.9690614834912576,0
0.6311041006720113,-2.857109741911862,-0.2542739976030908,0.5267728755220424,-0.12657744894471268,0
1.0005368560027001,1.67670619782474,3.0840367796693404,1.132372076907315,2.5619426496345867,0
2.170925433412897,3.5788493226042895,-2.0408950224798836,0.5251558143750981,-2.042628780058642,1
-0.07344443515540688,0.3567238368811534,2.148308024812205,1.0041737246043558,1.4685205144487579,0
-3.787260750159266,-2.2308155767071383,-2.9094471917118163,-1.1291633859024548,-2.0989341578013514,0
1.4423808272935639,-0.38692290323133016,0.5163128512174624,2.1654263330023067,0.4925177447492881,0
-1.5571127598174919,-0.3767770672629067,0.2998705946927943,-0.9338751812125967,0.3074578500040741,1
-0.6720109967318852,-0.6228941253764912,1.7453101986630386,-1.780458807825742,1.4369233702687607,1
0.7291646993346717,-1.8115225460600448,-1.8090397394483513,-1.5678412513306514,0.48521108447452777,0
-0.644386672453181,-1.1757370664171787,-2.07579634175021,-1.929980674872489,1.0466669754004565,0
1.18294284962258,-1.5970187071858017,-0.1926987848027969,-0.5607235129670773,-0.12295689437340163,0
-0.5825026174525463,-0.6133629057174774,3.592271335693762,1.3235225913765205,-0.31715695055026305,1
0.2396357593371864,-0.25194864506600345,0.7889355606965107,0.0870706740648366,0.7039725966822592,0
0.790373030332116,0.08108827384981854,4.118977057502468,2.070870196650416,0.23880155281603055,1
-0.3387368591647163,0.8053711050582308,0.11485458221162148,0.5264332622637156,0.4047505894169724,1
0.5896442707685177,1.4471646335564083,0.8276872908156148,1.3361427684653422,-1.2657106736429327,1
-1.7178527848258627,-3.5720924271882373,0.5840685483818306,-1.3098362155684553,0.25446925765213113,0
-1.136306921286464,-0.7703177297423828,-1.2888568950120431,2.1267321070024874,-0.5425710004499162,0
-2.013787649132177,-1.0571132467608604,-0.07713094911663387,-1.1609231554919832,0.7966498316147376,1
3.2566735381805536,-1.4171861959651275,0.15148855762246782,-1.0802089491131437,1.473983505997571,0
-1.1893546339503096,-0.6874485687486109,1.6413996511276792,-2.259527526140401,0.9149596468332603,1
1.7498092555790483,-1.0367891281128192,0.25129321279815864,0.42501235641305446,-0.533156776627245,1
-1.9110997306155957,-1.8134626520967077,-4.269815819578547,-1.2462718979022902,-1.0393768948199043,0
-2.5870415194277374,-1.2254366384428312,0.01834941748876151,-4.211895363534621,2.9420321462796486,1
-1.989544416779323,-0.89314586523757,1.0223388235192823,-0.33683675004552205,1.6589131911585595,1
2.763066416892011,-0.7044707701771339,-0.17952682444798695,0.1529933634433689,0.8435686895765919,0
1.9451884552312166,-1.9672874692280176,0.13568475415194825,1.3373885942478216,0.7994427786333415,0
2.967149719601373,-0.928504914388626,-0.34488823278661107,-1.789619197550088,2.5121204193530313,0
1.1709021818159575,-0.17260823240721868,-1.3642315206243363,-0.627067303252185,1.49158574933812,0
2.008207068653659,1.8538561075886724,-0.20547434102808526,-0.2943823982531444,-2.1539304351272373,1
-0.8231524419947969,-0.1306647479787234,-1.6143352562339766,-1.8065001024340073,2.35834867003494,0
0.15708136799055494,-0.8583081806602975,1.2974639826895615,-0.9345640688715751,0.12024213822343721,1
1.4742685855060258,2.894655845130319,0.6598131063135131,0.06021064761203154,-1.682733471127802,1
0.05825635071155544,1.4867352013178539,4.074316666719626,2.6314821031815194,-0.4845575020745587,1
0.874784602105953,-2.3424909374089107,-0.5162033906054349,0.8787083000404354,-0.5661089437152733,0
0.5676651789918636,-2.928193174704786,3.80891904909578,2.3319054327444024,-0.2435026290194071,1
0.7248600500330438,-1.3355242602287016,2.7718153763238034,1.330176855335401,-0.35891873731441826,1
2.6541108164898786,-2.042513905979356,-0.9049656767563963,2.882276367808334,0.506264624929445,0
-1.119562629162742,-0.36544892419173336,-1.77467281722148,-1.4228913086628705,1.4381590913149442,0
0.6941610380508876,-2.7909233144846457,-1.5316291721719493,-1.6233944999008094,-0.6752546694528245,0
1.8002889441511019,0.8355133060016409,1.7922618672248571,2.5826734462362206,1.990444710086785,0
-1.6858671878410056,-1.1201681918148956,-1.3379834355480735,2.177020582194026,-1.2272963128927392,1
3.2135345965937114,1.5194626540932052,1.791644686832973,3.1141189822390998,2.239282413679337,0
3.0698994183386015,-3.526772419322314,-1.3807873573536953,1.073504406365598,0.09673477667077446,0
3.336127303437656,3.0937617305818184,-1.949243397530783,1.0773249133428218,-1.819094582992716,1
2.5310143284571653,1.0463330098926193,-0.20181507090021533,0.8395868232075672,-0.66079621228908,1
0.7972231088993801,-0.49307223002737033,-1.1128902465716108,-0.8520899436790219,1.4466733615494158,0
-0.008217525463186548,-2.0604530054436756,2.094102214860773,1.1893967414497566,0.0551142788699549,1
1.9291099383335988,2.949769474268628,-1.5026760288770333,0.8715472702756518,-2.200812270602925,1
1.6510029523235112,-0.45939001754851083,-0.9983523792740214,1.0057183856114023,-1.331503853117465,1
3.2988176909381175,-1.3297943264030665,-0.5354436227525172,-0.7286827425555873,1.1422361493403246,0
0.715284175844795,-2.470083242834594,3.6274142381481402,2.4404783471520313,-0.43761628702899336,1
0.43947753347339935,0.8421572947868663,-0.03230240279258689,2.025921662340065,-1.032250135782398,1
0.3637773267563851,-0.1644713583984445,-0.0784247712901035,0.2438474535991333,0.7272961308547299,0
-2.269206017170391,-1.5238650206258475,1.611387806973639,-1.2053985868534234,2.1030554254622897,1
1.0968572054396726,-1.8643167680918578,-0.22858813191058247,1.6255595575249129,-0.256571359786252,0
1.732549807430638,-2.3490584197369495,0.8397597169128039,-1.0827220706922982,1.6226675414718734,0
1.4313982855374805,2.100643021234549,-0.762124389529296,1.4408852486201114,-1.4982058225166295,1
-0.24569947292216776,0.36017757003689743,2.570354442858735,1.845072882493299,-1.0516611439614054,1
0.9065544643977909,0.3031383511439427,0.5823945420044384,0.9052120462129545,-0.9983904304495638,1
1.3660142058654048,-1.1899452954029903,-0.20369688444935163,-0.04219849484253202,-0.06309315977685981,0
-1.3957356313187308,-0.7379146748319381,0.5453293856812321,-1.400315105109468,2.643938990543086,1
1.4662147563198706,-0.7491324102354776,0.27859266875936606,-0.10192688924614313,0.7216134471793485,0
-0.9518659697935254,0.6269651763411574,3.1702174799917096,-0.5092911985027784,2.149753736291262,0
1.7961292827209063,1.4710802953959954,0.21884372075915537,0.1771282363766955,-1.6045114764550363,1
1.5034819143618336,-1.7336538549292237,-1.2158643995226863,-1.683521125697516,1.011337872742219,0
-0.8002592191750313,-2.6192350268351676,1.7548329256114537,-0.618062885401986,0.26087300510709077,1
-1.9326550082113527,-1.741010789615265,1.185049771924688,0.1418898417869423,0.028071071042541362,1
-2.5922701264490646,-2.288706607306924,0.5669364932513206,-3.3433738888473683,2.831622334647663,1
0.293489528762358,-1.3618803996954227,1.1797322877268823,-1.021757853680244,-1.2222438202008452,1
0.2596428999139675,-1.6561292100667004,2.118377914507726,1.0965211265852872,-3.8892841897956423,1
-1.0283958965655815,-1.2386949042959634,-2.27992811809232,-1.7454331391535525,0.7226450204224446,0
0.2976713651117364,-2.126140459039094,2.006472488290317,-1.501424113400782,-1.398006739401441,1
-0.33198134297397797,-1.501619008797157,1.0142421006216191,0.5481327278519097,0.7261026756779492,0
1.1658017982423992,-1.7470795549124518,0.5567625052757277,1.2056496034128474,0.6842335959592412,0
2.215534171851501,-1.2426555498930019,-1.8010990835611742,-1.827840559246357,1.957230138523972,0
1.199860347478448,1.0696216250450292,2.209183635402366,1.8847560203767264,2.105727951559035,0
-1.0025121522155274,-1.068403750326305,0.7700352477990657,-3.729160692055976,2.526746574001219,1
0.871439608625775,0.6707549821435927,0.5372817276770705,0.9666178090486458,-0.9585157955564776,1
-0.7583487487732643,-0.22774389114941196,0.0834519239100755,-3.7713551520275463,1.4212177234599221,1
-0.16558707628611447,-0.2705341092927952,1.5174518231777092,-2.0780445871486153,2.386090747783779,1
-2.06739556824494,-0.561700744676357,-0.25032984888418186,-0.980123213593592,1.465365853683951,1
1.3448479339412271,-0.002516601971045196,2.800760380397752,0.9773556179992952,-0.467626532597179,1
-0.7000193711041713,0.46977513438145935,0.6813526038063027,-0.6886250159244982,2.161606262980002,1
-0.11890252950691305,0.5448164164326832,1.466723899916289,1.683482856866525,0.12640207504966983,0
-0.49658275015544084,-0.8169012809637517,2.283642986357698,0.7841613207894067,1.3547210242043546,1
-0.48556114473701406,-0.6629700566190454,1.543262194383858,-2.1245697939553136,1.0828729236443222,1
3.8896841886673448,-0.9130376875169257,-0.020110503034821425,2.552629065236118,1.2516003196940533,0
2.4164303368273887,-0.9326166874729529,-1.0323874619702302,-0.7087022382043107,1.2683553249334576,0
-0.2944756568733067,-0.861971353655905,4.726356161727825,2.914162153924885,-0.053693480815257044,1
0.5277282621298323,0.7916564386910012,0.39212035303686776,0.5902030612871451,-1.6064797181664152,1
-0.7182188835999384,0.8260902188998662,0.14471199842009674,-2.4555848194659418,1.4857217036255372,1
-0.8646192093980692,-0.694621135654778,-0.9271930775916288,-0.9032751945031094,-2.8581874177867834,1
-0.18888572943328685,-0.43412588923425344,-2.3168244366737483,-1.8378307361215156,2.1792112063561584,0
1.0461590456610534,1.7088011088725623,0.13747789034526048,0.04611167678192485,-1.2213515167259303,1
5.608411850136866,-1.5171134252154,-1.2535837870522135,4.493121549153288,0.9824088981528653,0
-0.12792177687931816,2.8543748966296505,2.7250502322183023,1.3931062069762317,-0.8085954313809688,1
-2.455492473527756,-2.198438855841678,0.4098161741515025,-0.8747010208598163,0.14864087206238463,1
0.2818107324385559,-0.43079667592294113,1.6686385565207513,-1.4658118854352573,-0.5845751004393276,1
1.0522590339453988,-2.747271643178631,0.26175690425446374,0.16621933085916474,0.4294077986802055,0
-0.4475874513214163,-0.8169870555321109,1.6252856659220911,-1.4957764854156506,2.2656320678728505,1
2.864678909845641,-3.6593926967383106,-0.7975734393163274,0.7844964343771654,0.9206002444405452,0
1.0274527273617529,3.684519955675398,-0.7901649152813994,0.291172965018454,-2.05138205477735,1
2.1302133910598147,1.6869856198874182,-0.5012537807686788,-0.5167838005277248,-1.2511764489396793,1
1.2998582698502876,0.8552127253768044,1.9743568484658625,-0.0036845503881723918,-1.2349250541016428,1
1.199321677262533,-0.9786864352556353,-0.7147086856492622,-0.5231771961227019,0.6553028642364012,0
1.3058579806462185,0.694463542375136,1.3876299453143819,1.8806466104433253,-1.137050344353618,1
0.4398237852973208,-1.171495772104548,1.002883234456785,1.586893826364281,-0.33967703758409473,1
2.857559017209598,0.41448580526773404,0.9124639020497194,3.747259697874647,2.0232005708771146,0
2.689608825485725,1.0352912953984807,-0.12259754084426788,0.4491521497498757,-1.478793670192821,1
0.3294900864736602,-0.35965719325478274,-1.2931829485131567,-0.5435337469784831,1.055165047997283,0
1.3084562853788706,2.1788083561375964,-0.4301947660091079,0.8229875272059748,-1.994761807821552,1
0.22836936466585556,-1.9852999505558317,3.2507971932329425,-2.107460485734249,0.0692620924421481,1
1.1512697387538022,-0.045569976971084336,0.9733632258171426,1.8872018951898122,0.9662438178462057,0
1.0180740740728038,-1.0698087180817317,-1.1137075263160183,-1.6079143227844837,1.5761372701554328,0
1.0691798177114367,-0.8654676562828811,-2.054131202865099,-2.4557782693239316,2.647180964813347,0
-2.149554511848609,-0.3277665186645541,-0.09041203285997912,-2.3734862178235296,1.883915813480296,1
1.0987415605703785,2.4700427674130108,0.6986062211462878,0.24705659708085437,-2.184260461768276,1
-1.1062936572352036,0.44285181518268935,3.440339004717403,3.324635353857662,-0.4264948104697158,1
-0.15786183081393967,-1.138564329560395,1.5230467821043434,-0.3067035038620092,0.879694445391214,0
2.8364815094841402,-1.3680678402386552,0.45993881571167594,1.3811401423736411,1.2882416089519393,0
0.35330410193729156,-2.2129350727781008,0.6821736323792982,0.0345783220956718,0.7978458657361711,0
-0.061536895016355064,1.4797123330769564,0.45821294709251903,1.997728469977879,-0.6559421755622119,1
1.0129737449931338,-2.030623502894124,-2.24414620291373,-2.0197332913410513,0.7081978411045013,0
-0.0015764179009933876,1.2921913763215995,2.0216878122511366,0.7000822131084998,-1.6595603580201364,1
-0.7749706505320935,-0.6949940088593742,2.009221918945861,-0.6353698274233974,1.0819444089288979,0
1.1829735179203509,-1.3361249562352189,0.8844951965716886,1.103642107774989,0.8943986131608596,0
-1.284184891239821,-0.9781537183550467,-1.1383685995883805,-1.2959445836080472,-0.6972665213140106,1
-0.9779583262016563,-1.1221642873782351,0.6948662663392269,-3.9015705156914886,0.24013963974876018,1
3.284835313368351,-1.7694775752327012,-0.07609435095652195,-0.9866716359967485,0.7858136384818877,0
-1.5254002839952032,-0.9106247361862605,1.4106745108175032,0.515286130243956,1.722564518855571,1
1.8648629890969357,-0.9513291172577936,-0.6113578562949421,-2.2508597846277265,2.6262695442559876,0
1.8801912962497815,0.39682734875367154,0.12807851869591746,-0.5718563182484365,2.5552854364882,0
0.5045477279159183,-1.4329645512382054,-0.09118687038298812,0.6766815986456355,-0.9487081658925541,1
1.0269912014142388,-0.4485820351708415,-0.049520794082670405,-2.1398597126788212,2.864968574549792,0
0.44796196430413315,-0.4428206899349987,-2.1279639378229303,-0.8827420868177072,1.356426532760612,0
0.12332132683799957,4.224313182669015,-0.8118488491353393,0.8120251109019738,-2.3227860402367684,1
0.10198431846321498,-0.8461313342453775,-3.3749971276225983,-2.4123039501800694,2.2769644525100157,0
-2.721565707878608,-0.41652790888431446,0.7372136514316414,-1.005515478600225,3.253912553092366,1
0.25247179410203735,-0.567721101172498,1.0888629111763677,1.8350639270877402,1.1086750659347713,0
-0.1605085633369998,0.8602859598860686,3.2748245722582885,-0.30919121203237654,2.4588772541465524,0
2.724611595776703,4.843362462447054,-1.62550587301129,-0.5221514165916048,-2.460588711634629,1
-0.2503446064594703,-0.22588442791045293,1.5789892691031273,0.20042996850470396,0.7691603701881262,0
0.365300947257452,0.13580327438068607,2.2080626640393772,1.6606516796088857,0.14046374174241683,1
1.8127128158792618,-1.1896522500461582,-0.016524755455878504,2.402183601336023,0.011026300691781676,0
-0.6482536805972601,-0.3790112171403469,-0.8568563932097389,-1.6484701053752184,1.7979799120220865,0
3.9696100966603076,-1.0411971690402961,0.3762292965560956,3.3308818927708232,1.845518203514843,0
0.2687312047266206,-1.1121197628737858,0.9167923419218811,1.5370619054247499,1.0046412739981718,0
2.352453188092249,0.8372553333815924,1.0758538812855647,0.6070395538864392,-1.0711721845386633,1
3.9663580426401706,-0.27070740190226794,1.3356964350734208,-0.18650939914147213,2.1936040759930706,0
2.261355030185284,-1.7259481552647364,-0.13583696902848086,0.1687381320391561,-0.5946020372848466,0
1.363868742507023,1.778152641501047,1.0617498642663745,0.292654043278499,-1.7545837153968464,1
3.8623197237442457,-0.15422168574534256,0.3109406907283858,-0.6928318548819552,2.7537474524154977,0
0.29750990724977955,-0.36360872253763865,-2.7274563992612615,-1.8366135250604247,2.312431873528082,0
-0.6287022542969727,0.736345824038934,-0.24740704906252486,0.5014255657368938,2.2335775222307523,1
0.45532102843061706,1.459508974348994,1.961199543419562,2.4607277723311816,1.1186444485153544,0
-1.4090672102611816,1.221753311343568,3.465895292943911,-0.371020101446492,1.5379618401055755,0
4.286545267737683,-1.653257877435248,-0.4714718875668513,-0.9429552276527002,1.3140063333191994,0
-0.13346280867270566,-1.713477242705233,0.10078553697638182,1.077165927853782,-0.4617820114176061,0
-0.311689665229016,-0.40647439696678456,1.787966554927602,-0.48391738178164223,0.7339178836068245,0
0.9330133558805641,-1.9339342863803153,-1.8683058955212917,-1.2292843878315496,0.1207748890617536,0
-1.740465938059447,-1.102410760968793,-0.4436560752705756,-0.6393919748395211,0.5850884950795833,1
3.5283843304028344,-0.5534047158825621,1.1440832008749031,0.27486052733793187,1.3770424357410427,0
1.1574258231919106,-3.356626289099903,-1.2010665994408183,1.387248863103885,-0.31815233447999014,0
1.3871349757925038,-0.030295837259091796,-0.6379199304982328,-1.635561063302677,2.9488998758135736,0
-0.5261269925036474,-0.8604025184832498,1.4677671783832316,0.07216808007107711,0.2800651905780217,0
-2.3502699894547123,-0.4513969732190628,-0.6317036965819258,-0.9624496360894316,3.3717999377692878,1
5.241803196764483,-1.5358713789735958,-0.942601033444707,3.686216082797946,1.6412976314518954,0
-2.0004331557021695,-0.8757339872495855,-0.03874897481286954,-1.0831805196838296,4.22299801625391,1
2.0186875539738933,5.685693349562584,-0.752874732824725,0.6299395020881096,-2.5497309787256137,1
-1.2194167379997898,-0.8750582950458664,1.2907637953880373,2.2136473945265127,2.9612647884179992,1
2.0947580690448353,3.634154290093212,-0.1782924775333985,-0.31678601521715266,-2.418721380506808,1
2.3238978976489877,-1.1063695154645017,0.5632410711632168,-1.3039045895430137,1.6394648486739856,0
2.523662100536388,-2.549498706692665,-0.684950437441928,2.2152533852074106,0.31776200932887166,0
-0.7996430389289475,-0.21818206736533097,1.7415680313944546,-0.5859646814710691,0.1670464275186878,0
2.1267828731609537,0.8326910578572644,-0.9893656023784516,-1.8319026209688651,4.446701929167777,0
0.6538148917857244,-1.0317388395922908,-2.4905082257643394,-2.706659314325317,2.5082092729123806,0
0.8708462247349419,-0.1774660899823277,-1.7244673093288125,-1.4569492828612478,2.4338909700590117,0
-1.7649436613793563,-0.6950581213695687,0.6806260966304989,-5.814203319975748,2.3601895508407145,1
1.268592623239606,-1.6312210043210076,-2.0372686077712,-1.0278373475838594,0.3391026363162002,0
-0.9297831376960999,-0.03645762340068126,2.2833160785375064,0.8318121174672979,1.8299399923880455,0
0.5563650915705081,-1.117583600698269,2.340897091985459,-0.6050663092490577,-0.7954821983323379,1
0.129693022709503,2.2973746571968716,1.1061037943939862,0.9676833475121509,-1.483385140859855,1
-2.436955174853499,-1.5759359602786422,0.8950907742229026,0.7168538727860365,4.520462511718868,1
0.7926085528897904,-1.531769402676697,-1.4963413788766968,-1.1898703789662135,0.4663325710527293,0
1.6174868920930567,-3.717316602662337,2.6470184862822217,0.5285558268099204,0.4763519775456764,1
1.257787314944802,3.31112891952983,3.636341932854928,2.4744485305551294,2.7427040098521616,0
-2.8992243861595286,-0.43890181865676525,-0.015871225784124476,-0.2752442335131111,3.7826705221533823,1
-1.034101694114966,0.29912571654593223,3.0805532400393374,-0.9867283961325839,1.6879437286128747,0
0.5939411346558738,-0.35071715492490285,1.6383686513980358,-0.17366890050560913,0.9271847912157162,0
2.2193834851996863,-0.07412717529028179,1.0367142998836147,3.398634358197825,1.4793133924015334,0
2.0761367429154154,0.5516778408525147,0.6571030206295312,0.2218240362547801,-1.4625143024339926,1
-0.7717541181384802,-1.246604010405867,-2.9901672163551263,-1.337484298230089,0.4720607306567639,0
-1.0512786828473755,-1.2936814482915706,0.9850725348498415,-1.9414834776430354,-0.07278916559558768,1
-0.5675871965645911,-1.4113324284247075,2.2892032244574896,-2.645477464171656,1.0859921453162202,1
1.1876545416371354,-1.220021369002549,-1.50097300072362,-2.3048317769027777,2.0536209336292806,0
-0.8716566954909415,-1.2579911906727639,-0.3055316824476302,-2.6634505371175825,-0.6074092114806895,1
0.10837024245489402,-3.169162996122974,-1.083869468920435,-0.37979955141591937,-2.6899799705688823,0
0.5274591671033333,-0.6959029402156827,0.45821971486642,0.514863862264163,-0.2158739408242445,0
-3.117079437273887,-0.5218772763362349,-0.7252386094034684,-2.804991007349414,5.20193952900707,1
0.053324926058771926,1.245124663118267,3.466084162503973,1.5035557223706943,-1.3303540645333491,1
-1.1690358763614113,-0.9283078629942163,1.3400968531478545,-2.6021432130937017,0.17892543708520225,1
1.555722451319303,3.7359862890993667,-0.27098872477387603,0.5546100036581391,-2.1386075415226777,1
-1.308335386614438,-2.1645426989196803,-0.015912651533914746,-0.36312416387977164,0.3449447444752409,1
2.637076847576192,-0.8312269510736335,-0.08279502411022721,-0.7303110095249632,1.5419476641095584,0
0.2362249549177562,-1.7843244606269943,-1.4432689864800525,-1.1035116299832057,0.011686716110671957,0
1.8205679184507182,-0.3177201300896063,1.5964906432442976,1.224927988524658,1.757463970866057,0
2.0488099417505423,-1.7565412008949834,0.14485301460816624,1.3274951766689436,0.38602495940177095,0
0.9380099719443336,-1.5529884205995874,-1.447875096004502,-2.4134821444880945,1.738967377597135,0
-2.328618097134343,-2.650330358493248,0.4154842567839544,-3.276583850542455,1.399716224935299,1
2.2138776124984476,-0.1810089316277872,0.0634918837059022,0.8303807552541094,0.5935492970877595,0
2.5894443863595162,0.563228709932712,-1.1427337407940459,-0.8105578286620165,-1.4035261794411165,1
0.5262764408614753,-0.5733566453161958,1.1543069341704102,0.2002594631182677,-0.6085145844753888,1
0.036274488808955674,-0.7342980855106448,1.5899687165278076,-2.48252679982581,0.5922761920384081,1
2.8943313334444705,-0.7626155741538134,-0.9337609899865892,-0.1259288232273278,1.0824585340491133,0
0.893796433519358,-1.5470705425833318,2.8322479653551618,-0.6495012434657494,-1.3131979425412594,1
-0.5209608946548774,-1.7564429226493656,1.0952196748657588,-0.5252458241392609,-0.8720843668418503,1
4.537229059006071,-0.38808105939650694,0.44197448707874076,3.670451819100538,1.7741676114670435,0
2.7774591400139954,-1.762022355262942,0.05332636905870214,2.0883039879065723,1.1272779641332662,0
0.9229204186677783,-0.25305713674804087,-2.2782420426126917,-1.3868236848856375,2.0464383638788735,0
-0.18591224623369085,-1.0503889858917148,1.7330993817183513,-0.3387952894560977,1.269762578779595,0
0.20834921539806361,2.0686105157959487,2.29497433907014,2.3115415659589442,-0.8714965693091541,1
0.5716830145244995,-2.0445952029216823,0.7429717737819725,0.09663674802026967,0.9622142291715411,0
-1.9054208154369778,-1.609434314142328,-1.5148309746425337,-5.777263447309726,-1.8311130193409038,1
-2.4073498049491677,-1.140851018438053,-0.14269400999681836,-3.270327342969774,2.190453565241868,1
0.889596757026264,1.0677505654585613,1.7654009350511073,2.5453227885748637,-1.1403689531426242,1
2.174947245574784,0.0026701601764136385,0.6453109198887172,2.6417673186100776,0.4534116863041111,0
-0.7286459571975463,-1.7800399598981747,1.938932459620828,1.8523727338448266,1.9421116285231785,1
1.4362066586151003,3.0598513728670285,-0.6122143896509744,1.7409103877686416,-1.440799582601403,1
1.4774130162456236,-0.9030377063160914,0.5537390928321761,1.2061264245467775,0.3075308663556904,0
-0.1385098245088192,-1.8880416239667306,2.580796791577492,2.1318846246960304,0.4258920441667273,1
0.9795181636652314,0.07630069755132896,-0.21828145831406232,-0.05027413713313411,1.378577055529724,0
0.23394918965058986,1.6025538572565183,2.1796205005165064,0.9442957746788034,-0.9568015446675231,1
0.8766357124903854,-1.8098485332491832,0.04784099207160608,1.5667514390216626,0.13323574472265087,0
-1.8460963364045364,-2.0149144873104072,0.29593612067824815,1.7150812466456364,2.0426890085021396,1
1.1983143898734359,3.3739087381853166,1.1711209063960242,1.233295629880636,-1.1004385833358925,1
0.023919893178923513,-1.765862302174281,1.0830358554444994,0.5396071422360644,1.358686355203346,0
0.3769897256715823,-0.2320033754926364,1.7055751915338386,0.25215915356496277,1.1006809044757895,0
0.3590679588637341,1.5475858371938982,0.5740967927010682,0.6325819027978814,-1.8373895250080499,1
1.4670879683456017,2.9469759568021816,1.2158454158856162,0.8966617265856465,-0.8384805845399699,1
2.7379148293660807,0.5470069453014772,-0.9161773403895759,-0.3370120213068535,-1.3727814137086156,1
0.8215477115463806,-2.262374051694654,-0.12308684339306009,0.4457921873039088,-0.495851227168022,0
3.438316680688571,-0.8566530319716571,0.36014167946113607,0.06324269425030526,0.8997202947369102,0
0.9526436691118209,-1.5695381706806746,-1.9017509613201167,-2.428727073277604,1.670451327271679,0
1.826024687561437,-1.0232341267990293,0.8788603980687696,2.208717833909815,1.4832688539340015,0
-0.19909234097833317,-0.30051235030707746,1.9835577181693957,-0.06872983499056207,1.023027649132663,0
0.90320816488746,-1.6493465022848324,0.6414939892189605,1.1930860004690687,0.8719307179670532,0
0.7282426960666983,-0.09328361462368806,0.6987718242416104,-1.5710617785045207,-1.2184578145968823,1
-4.34147718695851,-2.350081172832228,-2.9243453447439203,-1.8913258304500693,-1.6551086399735566,0
1.5591348081099552,1.5638321226178324,1.690830426193701,2.5424566634759675,-0.30077894043141684,1
-0.873578107932628,-2.3219599449761326,-0.9412398624051637,1.6621476178739059,-1.277559251583186,1
1.4280302419716107,-0.11109531504246406,1.511935627942747,0.84028428916119,0.10861769771340857,1
2.4303076658874554,-0.1592895458965855,-0.058717814161548976,-0.8112101196297863,-1.3417907876258068,1
1.1636581123060183,2.07896991317864,1.4174555815059011,0.40307012277196996,-0.8845706639432802,1
2.7508919332835506,1.8125219984586778,0.21083604168395575,-0.1276456203669467,-2.5234067186189435,1
-2.3121494830322002,-1.2769802330177857,0.6263529057641883,-0.6098995765684516,2.530332659458413,1
-0.18739197698581145,-1.6230575459252705,-1.6230443287100111,-1.4262210544408735,0.14557346205804722,0
-2.0631693351659495,-1.6433709070416604,-1.2766970744717194,-0.3959955075148338,-1.4411711780496832,0
-0.26485469114934246,-1.5550337272185906,3.054564721346826,-0.29959379384763263,0.008614747245305754,1
3.392654202087846,-1.2917766566243083,0.8644417054073248,-0.9777134182212055,1.5596982652545708,0
1.6599843754048775,-1.2115105579011716,0.7731432838693413,1.1280353382856616,0.9719911813491038,0
2.0447453100973276,-0.24386767364332684,0.1634490948689289,-0.9157977073038414,2.4425950933974985,0
0.45782440447602546,-1.6822624564317596,-0.8092532501582157,-1.3988737846090578,0.35524869794361835,0
-0.8380798577719488,-1.699829173485884,2.4862332624489625,2.474081606059822,0.5526892649517703,1
0.7312485208153647,-2.235666552795251,0.27838450759511846,1.0658279633802807,0.7151073004019334,0
-1.0188023748026236,0.7621057797727003,1.9056614136372172,2.279634602044201,-0.8900406542474754,1
4.619434659439329,-1.1113634968249435,1.2197544539928735,-0.432986939310151,1.6487895036002458,0
-1.9025072197378279,-1.9545665392467506,1.3991691386310354,-0.5626113340696408,0.3895333555437057,0
0.2548397066965955,-1.462023081453522,2.4311218408002873,-0.8122317152475984,-0.4732740885502402,1
0.7021470627727204,-2.4092228522465313,-2.6729317025178636,-2.2737587497851823,0.33427603848639287,0
0.4485894228187881,-0.4466984867524203,-0.806081791961375,-1.562025811603556,2.1516726894462925,0
2.6095173215606944,2.307357826914207,0.2594636340208929,-1.2424343146627765,-1.8738223328458259,1
1.557961261202009,3.2072693880537075,-0.6789302870161531,0.5733219852146988,-1.75864786190292,1
-0.3349778376526156,-0.7001845415077934,3.2036241588585166,-4.080245984804993,1.229905840997184,1
-0.31907727929635077,-0.4196487437146251,3.0735096757134666,-1.1747247151295905,1.1845653367846383,1
0.8648407535290712,-0.09276374216597916,2.076057407345729,1.016262398983637,1.0594612223999595,1
-0.2307978905850414,0.980141809676156,2.1200808046328006,0.6404162788050309,-0.885823244311316,1
-0.6320006539774177,-0.14292384516068668,0.8579877916847877,0.250817183267551,2.3292009293863103,1
-0.6421595350335856,-1.4036557686024302,1.0564753118132775,0.44812837520928395,0.24178170718133696,0
-0.12000009568943892,-0.7003056454431098,2.2934920053968626,-0.2363553794073252,1.6737664630764435,0
-2.1803777425390827,0.1840813165979871,-3.980239064870299,-2.588919919284626,2.8664767232503405,0
2.224087378222479,-0.22909949442334865,0.9918120036536009,1.2964981741412536,1.1392741697508724,1
4.119326441775765,-0.2277937590674337,-0.40128092833700324,-0.704393778210132,2.6712774066136227,0
-0.1819326278626896,-1.8591747145649518,1.1435038758510174,-0.4940636711123061,0.3364016642292075,0
0.3747160039730911,-2.1755129770790136,0.735160329366167,0.4292744388966727,0.8248235987493124,0
-0.22501297097983164,-2.516648705324092,4.461494221476954,1.81550927081476,0.7401621154759128,1
1.0612971838454526,0.9801349723048663,1.4602469400912967,0.16947375606024495,-1.2682377560256073,1
0.2798300608191612,-0.4025430620816357,1.8336485784756185,0.6604944881547495,1.7549045974655417,0
1.109810933347267,-2.242729396247379,0.6986892688344883,0.2787939784820236,1.4972937821446193,0
-0.9340804046057865,0.9274162652426825,0.8401999844261983,0.873062766213292,-1.2040445032663343,1
-0.311265813391435,-1.544466032276149,-0.33460550249778365,1.6800098297303503,-1.9166858604309525,1
-0.8760804925318658,-1.6104709775700061,1.6501530668144493,-0.6921645825876122,0.1191572326084307,1
-0.6330213381497672,0.1194959637251598,0.52048889494337,-1.0696520661819457,2.1200485278085015,1
1.6112474945596298,-1.3556602779656102,0.0643223120630938,-1.881706900668791,1.555376148385496,0
-1.8473521989344222,-0.309332878458652,0.5436595879836109,-4.08759756209966,2.109291375661824,1
-0.5136461925475386,0.08568219392233178,0.3179841175573095,-0.40162568045438396,-0.2504062853592015,1
0.30072629233281967,-2.660669178618024,0.7420519469262048,-1.2426781977972494,0.3989245331035213,0
2.453006047946496,-1.9789410111487387,-1.4232329723705186,-2.651983934354299,1.8259246911559754,0
1.2537212744810264,1.564161824498619,-1.1738379263047318,1.350407988347046,-1.3526167613680138,1
1.0304613572068315,-0.6730782044451251,2.580644379670037,3.9429694517077873,-0.015134333316985327,1
1.5178459374335276,1.6212936067958206,0.947089743640392,2.8931700705245516,0.2907884560448397,1
-0.00632214903588546,-1.288947615804565,1.7508965465397521,0.7322903293235783,0.2513626583219284,1
-0.9257885878173928,-0.9335217112458756,1.4519675918472756,0.33882447915972835,0.40032086991403404,0
0.07921712303206485,-1.1010902780373921,2.0455912976325696,-2.192124442759621,2.964423094365757,1
-1.0175380921209798,-0.3873977564593769,0.770464019458624,-1.3529430148983055,0.6579071339160147,1
-0.3088056313052254,0.09196735212241158,2.797512827746049,1.5390642826891177,-0.951686484207784,1
0.2238776518058685,-0.8336026080800567,4.318161242873238,1.0452955413438465,1.0983329401693125,1
-0.5692098852573002,-0.4238050840944283,1.9129467395085642,1.3485290878847063,-0.2847127663414444,1
-1.00357577096021,0.859424063246299,-1.371698225931088,0.10774707339895828,0.5356826049647877,1
2.688753312474816,2.6716870180338166,-1.2071797729330154,1.3392744153016913,-1.608398342544744,1
0.14013753879091884,-1.214403496667101,-1.308691937986036,-1.181751988527491,0.4826829287033769,0
2.015215101145462,0.5170327505834704,0.7126525156569067,-0.5605026477921244,-1.2798293708168285,1
1.8745930043597365,-0.40846647227362154,1.108788428020296,1.8161222488892483,1.406678907092885,0
1.3772851668756072,-0.781390238959356,0.997265884774769,1.0974017952436166,1.2541949599855913,0
-2.6009788144854005,-1.4126480862881452,0.27481790528181727,-0.7912286795668122,0.060934891410993064,1
3.2894123403450957,0.4568668459629104,0.9033105927821673,3.895818762647871,1.7003134618889537,0
2.9698550243099726,-2.2178252161412537,-0.7799261328162919,3.265436095683132,0.7416682771813654,0
1.538500859593697,1.5035002422435975,0.9461711876762031,2.1601664894203276,-0.8469611213785596,1
-0.20078153172843072,1.1231947079892444,2.7574456489524155,0.6297452064743996,1.5664812191575865,0
0.05639350883322747,-1.4340377328474012,1.2734261567626526,-2.8430779920316085,-1.3591250204440404,1
3.875486103142903,-0.6847045611842573,-0.24624804653176302,-0.6254501386047584,1.970616206590076,0
0.1479359116709641,1.9419745393344656,2.094580723840096,2.1127057981616044,-0.9176431574444727,1
0.2663834746105713,-2.8779629927763493,-1.4156482142451101,-1.581581355758705,-0.961104621576355,0
2.130972630913438,0.5351377497243819,-1.1327136893023293,-1.6932991884199746,3.9494233021958873,0
-0.12786404185579414,-3.025382292221875,0.17642676051430417,0.4789190042572564,0.1362679631480317,0
1.1209709156413323,-1.2696873773744886,-0.024579217765852923,0.39945830644448943,-0.657820801629154,0
-0.34070317423765406,-0.41635467399906834,1.79474590047366,0.8181767125645697,1.1227685838844652,0
0.17331184370826513,-1.8557337221834904,-1.4776934183938362,-0.6529585058279691,-0.7395240311375748,0
-0.7779934005509141,0.06971136931359712,1.653123167905717,-0.8424029152496918,4.16565570893219,1
-1.3668405387567517,0.14149893295405214,-1.1070593615924236,-2.9995177719720907,3.4404868477751593,1
0.6935104705873758,1.8100449541673735,2.919984862567293,4.031797953591704,-0.7166471415697239,1
-0.9428899730852247,2.8567520504173958,2.2772776117488887,1.3711056283309182,-1.1841395149014158,1
2.6795456287549646,-0.5226502493423995,0.8934198961103244,1.0857411623249047,0.18893966566214382,0
-0.9411941176212553,-1.8027722780093707,-0.7664278502093012,-0.16381784341180639,-1.35532819056482,1
-2.642417775945787,-0.19299848341308823,1.8009431955995006,-2.491864670613829,6.036792892920811,1
3.088376290057495,-0.2915622462161692,1.0916269286212334,0.2644015036694036,1.45876398678589,0
0.4574895566559568,-2.2345474823754037,0.4260865818848748,0.5425454392940539,0.3520200279967711,0
0.7354221004108029,-2.014225309233413,0.5733799498645167,0.006284410768800264,0.9335479325780174,0
1.1723350400269055,1.5253813772038982,-0.969925057439579,-0.588226586017295,-1.513176412480151,1
1.802063564217941,-0.9962577064079017,0.4386622203641424,0.4631074741011141,-0.16003944584059981,0
0.7613477885363029,-1.361424988724019,1.5895820540140648,1.9859394531382328,0.018181245418372072,1
-1.2384620434168856,0.5785272011148903,-0.7266259802825223,-2.647665044803084,-0.11891834364057163,1
-1.557218286112128,-1.907142592887846,1.2440446060090946,-2.36328675603588,1.3053158195922607,1
-1.2024565824241007,-2.5578327316989666,-0.5861883743495331,0.7975795118564992,0.2026398639004532,1
0.44886016497370673,-0.6991048420394239,1.4365417283964306,-1.1240329891396064,-1.556245528719102,1
-0.10526917848466666,1.0304275429753178,0.9830320009677809,1.1906875448838652,-1.3515544406648314,1
0.15498607159500122,0.16045956089760383,1.6215460748731905,0.7745336218441126,0.8797116397283394,0
1.7983839818718945,0.5167173960267899,1.1222982870765583,2.2959958773315665,0.723260200221526,0
4.4145645377220175,-1.7594719131037748,0.7762583243600272,-0.07659466100863355,0.4390264049375203,0
-0.11573106515789577,-1.0392966076077723,1.9211161890377118,2.533225330154729,-0.5642239243730112,1
1.7189589115780117,-1.8392718348342911,-0.6719811095676389,-1.062455965914893,0.2827921479988035,0
0.09443537059974694,3.6631537512796557,-1.7626636571437588,1.0666170494777925,-1.3339381887078243,1
3.098105017728495,-0.8612743686473309,1.0330530109797265,1.2639131645607913,2.266123761382047,0
0.6291114988160669,-0.06987153852459227,1.5167792605403818,1.576418466786199,-0.8823537611183315,1
-1.0100611016323255,-1.9366490827944565,2.394748443059443,-2.6682572880374242,2.85090129899102,1
0.9442826654137659,-2.061472995276368,0.8347839991945297,0.6623357520066988,1.451319677457698,0
-0.8834758852133165,-1.2261408052433402,0.5912473455023057,-3.2083842651347005,-0.5715977761359374,1
-2.0814064094014317,-2.861189891594485,1.083905216728336,0.5700341403650313,0.8825348325088016,1
-0.35599007613378886,0.07447398263248028,0.8197841695933978,3.4542214237982085,0.7622029887998376,1
-2.406644088219209,-0.03569443366598579,-0.625038652044503,-1.3623341506138387,2.568234394101368,1
1.583726576981405,1.2196398033728522,1.1588588530390742,0.7632345645455192,-0.6820460282510249,1
-0.6652559657331438,-0.6149967232821134,2.9365333475234765,1.0572315256344058,-0.7972896391377535,1
-0.8873114664135173,-0.12531792200221248,1.9386058657495941,0.9890356940709909,-0.24893021824853123,1
1.393291527325681,-1.4944117208813141,-0.24977677989850866,0.022084038923591454,-0.4547411172238922,0
0.3855908672275642,1.1375239771558419,-0.43897449842514,0.6930320787047781,-1.6453411215466238,1
3.9156631901705583,-0.6987618752405063,0.44065505069808997,-0.2790906173297897,1.713996259884473,0
1.6610389631314404,-1.0559490248072776,0.8697494716722303,1.4238262185148103,1.3865563669521141,0
-1.374003940745894,-2.219862907305327,3.390892450148595,-3.2233415891965875,0.9535603444957341,1
-0.25190634126110867,-0.8390690324910122,-1.0614587887543014,-1.0445064938425996,0.8833308112141813,0
3.2044841918848213,-0.6844199242770417,3.322383246274916,1.368530633925281,-0.3647711499390479,1
-1.6164136468076316,0.269895841911284,-1.0538904157751428,0.7029560905974002,2.7091464668412164,1
1.083164862838152,0.9607817309402339,-0.16798034994178912,-0.4571063477821242,-0.6228153225382734,1
0.8489811232973898,-0.47767044704347583,1.3000995655897611,0.9067889663625877,-0.15957188678162437,1
-0.2270414681135713,0.7647374681982144,1.1664791896486242,0.2751292342963516,2.96549324028849,1
0.8906355740663349,-0.032959921078907106,-0.20107232843539924,0.06479291077045368,-1.3796256539842424,1
0.3958489134329156,-1.073190055218948,0.4966182891306594,1.6916757767040118,0.1777219727368985,0
0.5111693702417164,-0.9149890098836182,-0.048063258804639464,0.43806009943168145,-0.4492937906203869,0
2.544671969427023,-0.39387338477890776,0.5378166019967985,3.044738156017705,1.3877869473132731,0
1.3470199513234653,0.7908798796771749,1.1251003879276742,1.1781238410530122,-0.614277771101948,1
-0.9235678382050476,-1.279973018884336,4.062525067987249,1.0417254723542355,-0.5863711882407299,1
0.9177972572972348,0.7624440269763233,1.0808061055651255,2.069994203327553,0.5863236368813267,0
-1.736839586536735,0.2596700501421747,0.11590163408759913,-2.2671972776448612,5.943272189880148,1
4.136188578231767,-1.0588667664572136,-0.9104535051684737,3.665126632910486,0.6234141905216661,0
0.4003365645272111,-1.5976004182632697,0.7865599202621858,0.6341567787111223,1.2543639525176866,0
-1.1791932339654874,-1.3984492388479923,0.31704158078400957,-1.620506525675752,-0.5335942072355437,1
0.0844468365506803,-0.6855486519700531,-0.5353675773757711,-0.18943574336504898,0.3036465324218224,0
3.607797221017965,0.5298042960636571,1.977943844106814,1.4699889587871033,1.4194673650676708,0
-0.08193526389536587,-2.9738353473735057,-2.159454377492697,-0.9520210357669638,-1.815487663137322,0
-1.8943378383835747,-2.361491809084539,0.23238200379668028,-1.1104057622416599,0.8440051601095524,1
-1.9635581650296001,-0.049830837986885146,0.32539024965195484,-1.1413588426508283,2.6975077363669016,1
-0.8546195041500466,-1.1769684145731862,1.255988278539122,-3.140961174132767,-0.7115983604167342,1
0.06533702463968971,1.5048135625500323,3.0487214349264398,1.6237831386100823,-1.273265584541135,1
2.208735135395017,-1.3683170710292503,1.0715821512286676,-0.48764846328869216,-0.5600354945765469,1
0.46900894303937124,-2.1538628575358403,1.6673684709043057,0.9754908706365923,-0.21029209935158222,1
-1.3462785279596068,0.46998752538413213,1.0953514486043539,2.487496327529011,4.898836483319127,1
1.298581565700579,-1.9311409072064947,-1.4887394421722195,-1.1516905516413167,0.2284004707204833,0
-1.8971449229735797,-0.8135828714535277,-0.6850859082981477,0.46136235007826665,2.9875284745612127,1
-1.275947984416005,-1.0320859315655972,-0.08648905915468408,-0.5441310536181097,-0.2361346752161102,0
-1.0896912690953482,-1.3239458735789928,1.6438402100080136,-1.9647151531146676,1.489433264963779,1
1.7288088161297606,-0.8560130287748368,-0.3029427939653758,-0.47379352543279074,0.9298051830594034,0
-0.02001845832212945,-0.641338183611299,-0.3246240726408116,-0.33077024765580987,0.3762637827183877,0
-2.3372714682442104,-0.37459403084518184,-1.2368453230095238,-3.4714160598157497,1.596755409625469,1
2.827505239832308,-1.0599787945623804,-0.4734689050089629,-1.0348859923804403,1.7364896835233152,0
-2.763275301841135,-0.5163583326946022,3.0773168545163623,-2.2494130277639073,1.2328031215836908,0
-1.4751891536396908,0.15137363275011473,2.2274736101487687,-0.5351436906524163,3.389002576374612,1
-1.7217423344161058,-1.3404278937529757,1.1656116681341973,-0.10771229372235536,0.061826115818884086,1
-0.9837481392865643,0.22653732953974015,0.4779442805013202,0.8060674176606353,1.5103227925735139,1
0.6596866827373505,-1.1768881162492966,0.8051611140578344,1.0903889848788983,0.6080921578734866,0
-0.6675630478985612,-0.9735580562071976,1.8536867806096642,-2.802447250810311,-1.7069505531546576,1
-2.564012794368927,-0.8138926775736832,2.322471997049381,-1.7123588600776092,0.19971846794684345,0
-2.339157473061963,-0.455582993011306,-0.42620407370749525,-1.7490795944164717,2.9101520222167903,1
1.6039035515789406,5.442018671350471,-1.9056285772886126,0.8311490860052946,-2.499170318419065,1
2.3293970926867935,0.46128266748530333,0.969280695148909,0.8365763848262042,-0.8112988929381274,1
0.6281415370280969,0.1978036148718425,0.1654392554386679,0.25574789309070245,0.9841218668706274,0
2.7259170162525184,-1.3220317763870515,0.5596382120584604,1.773801115918713,1.7970891185621722,0
0.6471038984691893,-0.47677844881465326,0.9987502746860577,0.6841247581043151,-0.06240999888610177,0
0.9775502100761564,0.47317656805937314,2.289993512056332,0.582608915043678,1.8037125227147917,0
3.6473548785106904,-2.160953073020514,0.5319427203112586,-0.6995026344627469,0.21912727662383724,0
0.19050768391142325,-1.4950035511527577,1.5211922619309695,0.1289726001739675,-0.370090945998824,1
-1.629202931854841,0.2979707668625603,2.776613997481421,2.1452415919459664,-0.31605078218927574,1
0.6111843482729585,0.14760786058429476,1.5815170390208761,0.654239234040743,1.0865872003668495,0
1.1981843050891163,-0.550621585264677,0.4990892487208962,-0.5642494706981328,1.2462655048897975,0
0.11818407251673868,-1.6208750753240806,-0.4693364459991931,-0.4241668159750167,-0.6460506455204049,0
0.9291715206584895,-2.7428999667754663,-0.644085648898915,-0.7123430908911477,-1.4485839847688378,0
0.48660586844211695,-0.42633921695235455,0.8146465360963356,1.8709151900802008,0.14788824391663413,0
-2.0745797573398947,-1.034784828086971,0.026983658506905983,-1.7529680668695669,1.1115408327441003,1
-2.99065290857388,-2.074258685643237,-4.661167604779565,-2.5714853132205833,-0.39928914387252745,0
0.7760324748281254,1.2559400774704288,2.4760950066818626,1.0341846097320706,-1.716944558493604,1
3.0753617713857504,-1.4433402929488641,-0.4308196013078661,-0.4782087324307843,0.753402544242825,0
2.0917052141485946,0.5198999902694879,-0.09272056652855287,-0.2326398454425065,-0.969957783806657,1
1.640653233149263,2.085215216427847,-0.07969275943199139,1.6557555462248943,-1.7794425842694286,1
1.4762731293824607,-3.621313741208615,-0.8418798853057026,0.1299744652932021,0.09298149825807955,0
-0.28874621973070613,-0.2687755279127283,2.853395494150209,-4.106582076746552,0.671886334945667,1
1.639731646958878,1.2472046784576958,1.9241886776585997,2.8212828023060714,1.8190791385503178,0
-0.47712829485165154,-1.341126705785359,1.4581690334337103,-0.7294279652966749,0.4663115279140899,0
2.425422106417469,0.0018850548839044468,0.8945533164425834,2.93207015768872,1.560386981133954,0
-0.6428624097907165,-0.9853964273734452,1.9956808664854486,1.614647879986482,0.2178590205916009,1
-0.19481861885758978,1.363670682136199,2.88397710570076,1.0983494754774865,2.0783573896667153,0
2.7687958768169816,0.34134488158490517,-0.052931938487129404,-1.4948071499910491,3.6644697800874284,0
0.9936936571123997,-0.8074444033694562,0.37893954044017497,1.6647710079961922,0.7116627911307981,0
-1.1064173550560692,-1.2425049909286803,0.8217518521898677,0.4555996155468265,1.0906626495058083,1
-0.43141914147680516,-2.034434146539293,-2.8117089210017525,-0.7322991747148306,-1.0709768053400337,0
0.6947299827652161,3.903878800263982,0.15758136401611544,1.542763191749958,-1.8790173450558663,1
0.9590515969631375,-2.59600596917158,0.03906134408847306,0.24950234765078938,0.7471998977020158,0
2.468921477338843,4.80805389707686,-2.1604754734682636,0.23970797847588454,-1.829943287517838,1
0.5683881336673935,2.615315270327037,2.360783475832648,0.6429346142433855,-1.0760488926713234,1
-1.8879316333661,-0.6450074077925869,0.6294061918014073,-3.8827572356686666,4.586175383880743,1
4.512251968924117,-0.2538572776545268,0.009729658896811877,3.2594943818844815,1.5856703011584823,0
1.907637428445717,-0.18802193020799973,0.622860558100055,1.206239656102443,-0.4697907109425894,1
0.5663352699765507,-2.183397097341424,2.5979870571282073,-2.5193024407538855,-2.079682463961015,1
-1.8737371923611668,-1.0293148614779613,-0.04802598276337622,-2.0552393387728456,1.3867448130429576,1
1.7706796965507163,-1.6134021365054776,-0.08017005334475691,2.7087110112411503,1.1831213894987476,0
3.2623577082357027,0.46778769988970925,0.5149705848208053,4.605668632162393,1.5426836840051352,0
2.3170089604065804,2.2121527803903946,0.5098460946351835,1.3886998692481631,-0.4009500689919552,1
-2.227083597325228,-1.6083418748459426,2.0469373657591556,-1.4577891280952735,1.1143917296175234,0
-0.6036812939224208,-0.48257158502656217,4.298524496392997,1.9099165794482973,0.7708423789283965,1
-0.2547779187946626,-2.1850114546407697,1.494891389654855,-0.7137201727101127,-1.4755518027045613,1
2.4508075847935507,-0.756922908175137,0.19002464851473078,-1.4875779517435987,2.264099646993018,0
3.5023445903542374,-1.0663838295420878,-0.07171646184042535,2.6255774701401924,0.7340435982661841,0
0.7176142121777402,-0.8558556828398679,2.337167548873216,-3.668565776785968,-2.0520846560625494,1
1.1432900694727812,-2.0563570354434013,0.47985085514856496,0.7045043476216724,0.37424442955982506,0
2.268239737940105,-1.8123417004778166,-1.3904172309585607,-1.5818249800910986,1.0344568045752385,0
1.4700755648023758,1.6234800213838276,0.37196707562701314,-0.06700674343918256,-1.4909959560224975,1
1.4493479200481318,-1.785512202567984,-1.0799691054059504,-0.3805073104261435,-0.3218080666812597,0
0.7533996137313401,-1.021543986225281,2.326369381710511,-2.945660281679218,0.5866010868495042,1
2.452273427334778,1.223121006555889,-1.896377526852552,-1.074467709363034,-2.464339593871255,1
2.0358699231826307,1.78529194698562,-0.01868796015471763,1.8277647032624071,-1.911700526909497,1
4.928960836848006,0.32156832995355944,0.6564501396109288,4.585218205604704,2.431752377494073,0
-0.09071982991890293,-1.2212528385050294,0.45427649546749915,0.3577855133213075,-1.8306719172014274,1
2.3901766727832685,-1.9925264539100047,-0.15158214694322258,-0.184505271921524,-0.5659414567192025,0
-1.457755623124529,-0.8498595733444204,-2.6123135820318,-0.8002189814935528,-0.08813762536363012,0
1.5743770954286536,1.0091755583888673,-0.6115654017718712,1.665085962271295,-1.1676373919086172,1
-1.2065713195418257,-0.29263853599341705,1.6370254206456631,-0.16292593104125075,1.2336503147448579,1
-2.372188143158251,-0.7238633697175288,-3.5800334663790356,-2.0856703090644793,1.2071620288054756,0
-0.7907934493760627,-2.309505092001041,1.1006320513046552,-0.20064401398977272,-0.17610042582033092,1
-1.6580416000467197,-2.445341231722561,1.058422188664633,-1.6999520976464901,-1.6328326954825707,1
-0.15282624280982882,-0.01356483199923253,2.360461159990309,0.25334176468817193,1.9450009403678927,0
1.845734997990744,1.176980243252641,2.4444345704000914,2.3274990415301975,2.641161044816,0
-0.045048027597432094,0.7585894756873035,5.066061280449542,0.7696447910247073,-0.7941962844277018,1
-1.4110714899752006,-0.754055743562692,-3.290090701952197,-1.4658620810309309,0.8428024559392333,0
-0.3493687750686869,-2.4957333753846056,0.31931533458411976,-0.7092783560961042,-0.508812959908137,0
1.776710656865553,-1.3012535703052701,3.0696980957941986,0.7482212987958332,-0.954451631601914,1
3.3423439878385097,-2.1442139539787504,2.003507672676358,0.458739559322203,-0.45181124072971834,1
0.9527725082556102,0.3456431095525474,2.44736068141344,0.7046457296938383,2.190484683140876,0
0.22889954962442194,0.6941168645895465,1.328502813769254,0.7286796832784743,-0.7341789879371816,1
2.3009844625753693,3.6600866566366097,-2.2625263153396693,0.998946572689949,-1.9182112065060863,1
1.2930044771354998,-1.9499176583721782,1.4346962901195757,-0.9956516871896914,-0.9071040012194483,1
-1.6465509007359975,-0.07620664648877751,-0.6291117247498352,0.31186050904812634,2.7759280937576047,1
0.6591277853608193,0.10001742455765139,1.670759843312157,2.323274925376266,-0.6710837538334592,1
4.185036094715285,-1.0919842155854127,0.7963358871997435,-0.6163388420055818,1.7619240263519984,0
3.3771167020422634,2.9380823443036412,-2.126920043864975,-1.0885980894039156,-2.2914760132945107,1
-1.0602648579189795,0.43154120861016065,2.4271809282656074,0.6725483106903194,-1.2426719321312214,1
-2.4181668859493795,0.5902634549988417,-2.777036026820601,-1.4670959344822156,2.295746448281566,0
3.3477504039320793,-1.7681795560286013,-0.22888483762284673,2.6288244150551856,1.242495884462358,0
0.6204348444345126,-1.6549446947671431,0.7886759125391559,-0.22254747217673265,0.7640751170946533,0
2.2572905953372278,-1.4508073089561948,-0.1624927474166844,2.438778749857573,0.5149412599004592,0
2.2150108196566887,-2.1178548282582867,-0.04578903526978095,1.1531233488548627,0.6970919389253376,0
0.8307281133517829,-0.7671592258504805,-0.30993407421053276,1.0332196707262493,-1.0724562857110214,1
-1.663062542246943,-1.2708328651819656,-2.4250308051557696,-0.7605010760102454,-0.43899881646384276,0
0.4489495878648294,-0.7627928962940941,1.42235522669247,0.928699851050647,1.4063668082956495,0
1.8622539695088267,-0.10078031068287685,-0.13262543047569553,0.4288004478060863,-1.4192268945769038,1
2.5823627709749446,0.32182284263403593,0.5939620026406933,-1.8539858846419814,4.124509826480077,0
1.2206684546071869,0.35056668553997405,1.8181826191509902,1.6084825556279099,-1.035452051044748,1
0.8050664572117224,-0.9699745092775801,0.6370162087766952,1.0982192714487546,0.7903744476996806,0
2.473566492411683,1.1021756146668158,-0.719167249340851,-0.10340752022921285,-0.746522800500725,1
2.802928826803206,-0.040908664706085895,1.0631799704310891,-0.13460626451242352,-1.433491905505332,1
3.1781881956606206,-1.220300783540397,0.6060859123357154,-0.1635032475831787,0.7291980671955864,0
-1.4513408257292053,-1.5632330602391091,1.184216370992632,3.2388718164559958,1.0685694075738756,1
-0.6139030626685285,-3.0967098539358506,4.656437581041337,1.1660583266411944,0.5055314865104172,1
-2.3301330399526403,-0.5678801003071783,2.6630436511523765,-1.265577171653201,0.8061986335317128,0
-1.8001285515722707,-0.5331934282083779,-0.15570020048517574,-0.8925763365425853,1.950686161495277,1
-1.5424652454718104,-1.494870606745098,1.0933579826418902,-0.11538401334411441,2.477000143270169,1
-0.5276628742154721,-1.171663559039753,-1.382655362138696,0.34288638153086737,-1.0484777914747188,0
-0.5140059852391872,0.08669440799936434,1.7438016854042733,0.3249839764518674,0.5507634152305034,0
1.3518682174438066,3.015545176071092,-0.2440732609450429,0.2923447196341893,-1.6280918326127218,1
-0.0255538487674416,-1.8829894537301046,0.9666684786680076,-0.1502039886995663,0.053723279259836554,0
1.5266786631198301,-0.37929939598547113,0.995411610876172,0.1791631427310313,-0.8780269511908115,1
0.8520490842257651,0.24473950370944353,1.934905884393594,0.29308557147527114,1.6359048253064152,0
0.5470509566533653,0.3947508747249089,-0.6494799821575798,2.2021352366168725,-0.44498726550790657,1
1.6521722640761198,1.2766121343593966,0.03064052727581168,0.3806656358264391,-1.2012402855242437,1
0.8237783493336484,-2.173845598435145,0.6460853607622102,0.011864590216369097,0.725049940299656,0
-0.8767272098145621,0.2987621143044217,1.3222646734716115,-1.2113398293645146,2.7213307917663307,1
-0.8549347271159065,-1.5587016992104825,2.7442389430842455,-1.6525684113468844,1.0870125795761507,1
0.9113229092022447,-0.7380311160882005,2.0442212747318713,1.3335810104954267,-0.5350881090344632,1
2.249774227664698,-1.0198855183217712,-0.04131165379587065,0.7606750415890917,-0.4232990762347648,0
1.9510629364591763,-1.346132339739385,-1.4087386950542007,-2.007284102090644,1.930720200105254,0
0.6694799009113566,-0.4279096724811815,1.4183704692447276,1.1157995908878129,0.517412710128533,0
-1.397447417094201,-0.7734517857274866,1.4935844323024559,0.291333843876561,0.7233993368545463,0
-1.667893322874405,-1.2247180045026222,2.5668685632253654,-1.896965586692149,4.212771479626662,1
0.4667805033748962,-1.2000019206871215,-0.9541764435407504,-1.8236148657824411,1.483338049673722,0
3.2095584335142777,2.527441672825608,-0.17647441624581273,0.8123998121845231,-2.350810088208005,1
0.8445021834771833,-0.7466146060131575,1.707963988634932,-0.02643241744128577,1.809899725008759,0
0.4760950896203682,2.367510387580284,-0.052550438813280254,0.4974034922025061,-1.6695785923541206,1
1.0512223681841535,-0.37050312502905103,1.0680278669765646,1.8673334849986905,0.5663504347840895,0
0.8841137156187654,-0.4997942047821805,1.6726035026936295,0.02491524129040068,1.4691829024529637,0
-2.105512476681869,-0.5802634317289278,-0.13243837145832438,-1.2085412886278248,2.59262099273732,1
2.3802237792583814,1.773886192770606,-1.2657842787826405,-0.8624781250675815,-1.5824143253861003,1
1.7098244603911035,-0.8561544324046613,1.9200378133805835,1.4469494503759783,-0.16091582763281476,1
-0.016975124113535855,3.088122648239955,0.4967226323689987,-0.23500040253795418,-2.5042272204119556,1
-1.8653157459989675,-0.17148205060182298,-0.5586015945828606,-0.5976600722183667,3.014550466680726,1
-1.7421371645309622,-1.6110036205064873,-2.319259666910388,-2.005419273104965,0.10333330852154177,0
1.37608626670358,-1.0659283239842967,0.46925371467012733,1.9460159031055906,0.8223054544469554,0
-0.8100060874171604,-3.2770443742198374,2.5260577955538124,-0.3937149675074715,-1.517731676597934,1
-1.144660746164568,-0.8926437964782168,1.7293734462812407,-0.2181175111381517,1.6679511957031927,1
0.15770059451015062,-1.2213272075551336,1.3506475561692857,0.21221318703067793,0.991526137794754,0
-0.6099147412087542,0.6461139772437351,1.4184277472338263,2.4355631754252824,-0.3003987048244866,1
-0.6835403711150558,-0.15148117121660842,0.7134647121711727,-1.1916985577521735,1.0681122369771356,1
-0.12211255963608325,-0.1580803167558359,1.7854194565460308,0.3034179698492062,1.2457266253876074,0
1.0234601158396561,-1.3508876982700877,-1.136305745710896,-1.428043246129926,1.0160771652545915,0
0.26983235960380714,-1.354116218403695,-2.8262113184936215,-2.5252387535683902,1.709534530358435,0
0.08274684402690169,-0.6041784734197335,-1.7512220672684933,-1.4184782528131206,1.6269557593537565,0
0.42183291438872916,1.3568745334970658,2.697156790135978,1.2025429052173158,-0.8343132276558657,1
1.097662045215939,-0.17481537929178315,1.3636531549494708,1.397042713048661,1.2309667897022307,0
-1.4408952903251309,-0.6208246622030098,-1.257074200667946,-0.48936105468934943,1.0810992451222208,1
-1.4460883489409018,0.057913879516325206,-0.1579545247667269,-2.156471816704965,1.233521636858189,1
-0.09393581080977809,-0.036032847739976726,-0.31454749837691165,-1.430374976499643,2.317766007563935,0
-1.4016666711584735,-0.06974869182081034,1.5087349757505026,-0.23434543824615517,3.224910885661332,1
-0.8519543947775549,-1.353424020629587,1.0731551421867005,-1.3334598465172627,2.1307279297062407,1
-1.6274170084556299,-0.11258104577888717,2.6829976131485753,-2.058938909969862,0.5621709016027079,0
-2.0079011301238143,-0.6182384004067895,0.3879260228515149,-1.6204721640678827,4.006825777341057,1
-0.3036882140568393,-2.58004570762776,0.5082122333106931,0.1652066708645955,0.7288756523157356,0
5.062147323773235,-1.2191476703199933,1.5256662988757346,-1.1744684624448298,2.372240542301273,0
-0.9156463853834134,0.4060669429820243,2.3874381081457505,0.5214501678620717,0.7969634803521886,0
-0.45212202331929885,-2.8664667375381088,-1.8425475989674402,-1.3591497895151492,-1.5360045515215792,0
0.757621584977173,-0.4973869389441262,2.4636292652689606,-2.4870264939050273,-0.027106855985482792,1
-1.2985932991302338,-0.6335651732417038,0.8597287510720817,-0.25829685308597616,2.5483834522898805,1
0.022929142912578637,-1.6483423873720846,1.8318949373026876,-2.692440752363937,-0.9268621674240438,1
-1.1441461558588224,-0.0032546501893385704,0.609908242955205,2.3909263909229317,1.4156563793324066,1
0.601595675943665,-0.5379732557620853,1.6117743896096934,0.8851906552586771,1.8717674012584644,0
1.1857119195284795,-0.5674255152656674,1.0997279098928516,0.33679941951281556,1.0985699648569083,0
-1.1971333187045854,-1.5809365470782435,-0.9997490743744424,-1.697602319952844,-0.06912134550532456,1
0.22200658794610684,-1.4757463720549808,-0.3900079429766026,-1.0159760604173116,0.1107493983670389,0
-1.3333100503315043,-1.3438807338910466,1.6743954367904768,-4.200337807107877,3.1178554782654047,1
0.4491605334454494,0.2637804047028425,1.507572222949951,1.8626615114681657,0.9553485871315821,0
1.7851922483703793,-0.7998708749852959,-1.186733976691189,-0.41865572285719377,0.859118785440932,0
0.8650749771843453,3.1396637023475775,-1.4275299417148402,0.3757213462149327,-1.7929103956959758,1
2.1880854307186643,0.9679233181127666,-0.014016282783710698,0.32316132537187914,-2.26723675233704,1
2.147858419273107,2.125802924392021,-0.8844312972296364,0.139040159979696,-2.9617694313755476,1
-0.7478408792430357,-1.8664479628837927,0.5243507508157104,-0.40104858720991365,0.969324251581772,1
-1.7914086518539962,-1.0019551402404276,-2.2437711892479593,-1.7195318330724187,0.6915361332418926,0
0.834444283642867,-1.3620716111166087,1.0163003378593238,0.877294957544811,1.229364923733069,0
-0.10505403617780451,0.5747631053546014,2.345637427405773,0.4576023692710598,-0.5144216465512514,1
0.5887380111652467,-0.029715172723073335,0.350607452153058,-0.18823364690484545,-3.3243534872309484,1
2.7444798821657175,-0.48729791874705397,0.4851875611875347,0.2460509065654748,1.08026968603295,0
-3.389262535522695,-0.5149209507491584,4.107443991437667,-3.3446498608804704,2.0339584510465634,0
-1.0775359115165262,-2.012277665894965,1.8252126525095425,-2.2655644623608255,1.263855337109859,1
1.4928887413566478,-2.0461703930160335,-0.9432151509007054,-1.3599187357959073,0.26283328949551166,0
2.508500680169577,-1.7181805748472558,0.01809239271195373,0.07181089518501427,-0.7501705262431949,1
-2.0255246719016813,-1.9906495363860597,2.254702242598257,-1.619572617255443,1.2482375718421368,1
3.2587691859755474,-0.5066742721969006,0.27612171201530433,0.5967046855427622,0.8474390771751712,0
1.564386556799112,-0.344316568238376,-1.655139335978122,-0.23180780249476063,1.2653296493721922,0
-1.9777969005560103,-2.1242118087153656,-3.8048736827465643,-2.7556688713105038,0.20289323713176965,0
1.273851826099392,-1.236477789983621,-1.6535249256201618,-1.891374699369599,1.6152517760332707,0
2.1214755069916613,-3.4264411137006974,-0.4847408552059358,0.4348353920653043,0.42594595947668923,0
-0.7848697751989264,-0.8344778778826794,-0.2057424419033953,-0.8530722014779143,0.5054091636811604,0
-0.8770682433578818,-1.0220785633490093,-2.3331307752437604,-1.6320885786260733,1.1007116192733584,0
0.2047944542623269,-0.37109835894292553,-2.0794092269679294,-2.4724068695488945,3.0211315338032816,0
1.051447575439469,-2.3919791961116235,0.8067004447355455,-1.0228971398653668,0.677303505707058,0
0.6057889236101373,3.4438429970803983,1.3050840224886013,1.2494409327208311,-2.1295293546480156,1
3.1290495534503493,3.0441668828968074,-1.0222861418851057,-0.8604468202185782,-2.0834076133377724,1
2.162548173831147,2.4031094667517596,-0.4212612125185551,0.43534606442912904,-1.7299159979682064,1
-1.8387068805412334,-0.8016199842127152,-3.293399282032858,-2.03321071238811,1.2280541659236763,0
1.721547752128354,-0.7280802513552616,-0.11514407553230821,0.192324711840137,0.4819049157316575,0
2.4872815909819552,1.8514289436782665,1.0552101894361647,1.0272722562905103,-1.0390506893965246,1
0.31978672460305446,0.33462935879039546,1.61609291905009,1.375206668525697,1.2210817713940472,0
-0.38201573319435544,0.5386071549713558,2.801442123490577,2.2095742498827673,-0.5762783041762563,1
4.12237945442617,-0.7965278526690013,-0.578701583259458,3.3961104808462586,0.8646458788450205,0
3.0828430456125115,-0.4175897353532848,0.5480322407493041,2.504969056768815,1.1376076223616365,0
-0.8806350395246361,-1.3426869532885415,-4.039090993632669,-1.933390612335021,0.8013899424593363,0
-1.5462813658549504,-0.7653349701153612,-0.852661371707673,-0.4523721420852508,-1.2193123338818372,1
-2.9926966461211264,-0.34863483854653965,2.802420624997988,-0.9855142531176193,1.1640610907979372,0
-1.5772867394123131,-2.023818698706375,-3.436979766443589,-1.4958791291092615,-0.7663842035698956,0
1.348077499414473,1.0369176132267581,-0.0870226491552204,2.05535984021547,-0.8331392407058348,1
1.4474759283559775,-2.0907194169284242,-2.140411659149887,-0.972022091585097,-0.32525142913997906,0
-1.2272329736399765,-2.476160787256318,-1.9586378375181765,-0.6774183347262543,-1.8542418304699622,0
-1.1962027874894914,0.0180369594364429,1.5835223119368769,-3.41875999355197,3.4722849292973534,1
1.347717961402214,-0.38017837985858194,0.05739667974977314,0.29963165994160845,0.45354938496111086,0
0.7657568645901062,-2.9404616194949895,0.1870211369421665,0.22354079069941768,0.7282828100882328,0
-1.0899773610767252,-1.6064457977705358,1.2256029136556865,-1.389880874577236,2.5009435836205443,1
-1.6124807461731674,-2.2438685409696575,1.60021275413314,-2.173444928986077,0.8605202529861536,0
1.467404114220894,-0.05995684141237678,0.5826536179194955,-0.4026057145127062,-1.3820361737564646,1
1.280272503153494,-0.3156287043396193,2.7069226012312724,0.26221191453847525,-0.9637832694576428,1
0.7088886372100165,0.4315086518352821,3.107747834982756,2.286464233973553,-0.4560205458363732,1
3.921549554231105,0.027660941815881523,2.5791220892152324,1.5676880756837739,0.9152079888026828,0
-1.5014130494893272,-2.396411319886627,0.3811197856537796,-0.9555298851740195,-0.604879973156321,1
2.0020010432573736,2.9249490010020995,-0.8795346270200732,2.6067585614393076,-0.922773237492592,1
2.3245963505498928,-0.5886411367819857,-0.4761381774579194,-1.8615238566514885,2.7898534011182408,0
0.8117322079085068,-1.995066829517134,-0.17928682005941088,-0.6096296077539528,-0.7525616858199187,0
2.4493478011609335,-0.007816344503505657,0.7882450369618503,2.322242753495058,0.9338073229117682,0
1.2392606025765227,-2.166719665435626,-2.0232661063884114,-2.582407245822547,1.1366317126159857,0
-0.47185571563188655,-1.7409375136691585,0.7626591277043184,1.0600746055173962,1.0414324054322615,0
1.1413228957301906,-2.1815222920964565,-0.025089026416264426,0.940302906908696,0.502265942726043,0
-0.9461110846489488,-1.2531465074122823,0.5439134084286612,-1.470367465954093,-1.4666960687271215,1
0.8123855302485701,1.1858953733375177,2.438847119440359,1.3795223458456416,1.669454695286111,0
1.0489576137113887,-1.0384941746127863,0.5418399999223584,1.697528902175395,0.3014367211066823,0
-0.513231488047063,-0.7480705946280972,3.531633763176552,2.8188546789237803,0.24795224527784754,1
-1.457606940436217,-1.2732468039058142,0.8163985262331348,1.932263331627071,1.5139588515899944,1
-0.1890338946411212,-1.2471029124373134,1.3327858144223494,0.36421737465218973,-0.9955786723813491,1
-0.49259899577879196,-0.4513920278932426,1.4973384921806348,-0.0290201763602822,0.7186811546593221,0
-0.3818286815763938,1.7004747815155972,1.3421112011659284,0.4117161254663575,-1.4028035626983155,1
0.7859563912845573,2.9313437338555124,1.4402851858494012,1.0757590403159984,-1.6806143303254744,1
1.7660482123775871,-1.0372447181148439,-1.3111471422990664,-0.6239992325456577,0.6640993863337421,0
0.18860322509944494,-2.0915410107844856,3.4413032767024117,-1.2695824710491617,0.44479956366969176,1
0.8636095540266531,3.0626413023572034,0.4414888641287563,-0.22710785165416203,-1.8860852543014097,1
-2.1456847168948565,-0.21775138453577358,0.20335951728870727,-1.0926519771006657,3.223539189002278,1
2.4611810017295066,0.3406233851552868,0.863896043515522,0.9396504326844408,-1.2891773153171942,1
0.29302972741391053,-0.9884497858190286,1.5424295587540575,0.8053134166036262,1.2783154794387006,0
-0.12233915457272304,-2.1056093957849433,3.620487686743051,0.8031492574813893,0.13213843462720298,1
-1.583085698344538,-1.6095616215457293,1.2583413368754193,-1.4255320138838388,1.1847980512730065,1
1.4663339011847152,3.335621096337427,1.1276861360528632,0.8214939970979033,-2.444409555400454,1
-0.1340101790522028,-1.5361510724737995,-2.1606432710904784,-0.5569813250265703,-0.5766034202284112,0
2.4748360836851115,-0.6946398577328172,1.067727356363867,1.6358585735140756,-0.6791195565582213,0
1.7269678730719442,0.7603555584767763,1.044048042571824,0.83795574813281,-0.791279040335533,1
0.4783831680034849,-0.8994233681833603,1.4401379839356756,0.45809908887899,1.0073616801450245,0
-0.5291381045621706,-0.7025945215894107,-2.8254457531159347,-0.9463833619331213,0.7620209256314929,0
0.555991011704437,-1.3441310252798755,0.624927042221729,0.3722247570621142,0.22113780684408701,0
1.9150085155348757,-1.5949779235882535,-1.3435105980951731,-0.9890875512674759,0.5567041357426554,0
-0.6895360599810672,-1.3955282119283337,1.1143482417040589,-0.9000932844532231,0.48896142497358386,1
1.267050275429721,-0.9857174680629359,1.305212940506362,0.6412254938848095,1.4561235949061029,0
0.06327289488377363,-2.035198851946757,-2.1975417252221234,-2.2055523171667337,0.5334039590114864,0
0.4520910401497604,-2.2622327257178325,1.2627057666558161,-0.8761902139157116,1.3544855443446424,0
-1.7150763764358055,-0.5906400749872348,1.222753302049598,-3.390671874627372,3.223088983027604,1
0.4972234340387526,1.270374138184734,0.9881387371673684,0.7107551001446129,-0.8377467283911968,1
0.5103278047561174,0.3921495154363859,-2.294066707214048,-2.156769635175912,3.645581432948805,0
0.4315090756623444,-2.0638976412689174,0.8039330878972819,0.4378538785518785,0.9832518711048642,0
-2.3445458534087265,-0.9069581822770776,-3.5470539841957676,-2.7047524516053274,1.4808892609988509,0
-0.2618264085260986,-1.1704985560219872,-2.452913162701528,-2.118252785505879,1.3975795876601929,0
1.4274051578754055,1.4867808230825048,0.7731078711819805,-0.49361804083336414,-2.257702149999772,1
-1.7000183833919134,-1.4392569566151072,0.9779855148453886,0.7877654040308582,0.5878814622784991,0
0.02407536137702515,1.5586663878645677,1.7643821673919793,-0.8812000359271919,-1.5713924934133385,1
3.435940204202721,3.137968291932823,-2.2451754423929096,-0.32776556034679216,-1.9340879434496552,1
-0.5225364199120225,-1.4885874973573863,1.1362995050826652,-2.5274409584956503,0.20697352656074064,1
-2.27281413641896,-2.231499053440535,-0.11261128799391384,-1.6520830490501992,-0.5702027453213807,1
-1.7956729589099951,-0.45283922110722996,-1.9494736711009324,-1.6392737763925607,1.4359007612491976,0
2.054838756470168,-0.01257948870246628,0.9804259536011648,3.009857474788436,1.5858564391681496,0
3.47186798970925,-2.3531274811149334,-0.8340646959684441,2.5106588634435734,0.12560609966857428,0
-0.6864345478183573,-1.2552971187092634,0.9185601177244034,0.878409907798374,2.154242752718922,1
2.8482773420403555,0.8823767771146991,0.2529477266768896,-1.4334563483330305,4.375753059473867,1
0.9195320648814325,-1.5451481973703252,0.8573976963774403,0.5892600820793275,1.0784085241602932,0
0.7969951656701966,-1.0037498693765288,1.0472890397735048,0.3068759535034835,0.5828175936461344,0
-0.47450197266374605,0.24152790166734583,3.3512170687868927,0.6754245497099505,-1.0299482557753012,1
-0.2038872460812784,-1.802398682828474,-2.4412901347037783,-1.626300176166939,0.17450790454408727,0
0.4214805341332557,0.04978420553700946,1.3511168398978828,-1.0327015491079823,-0.3996332149539299,1
3.1410452797982913,0.6038162097885723,-1.060068172984391,0.5280022261856208,-1.6127508435089992,1
-1.46640503735006,-1.297987363548866,-1.3943314299015963,-0.6396834337486793,-0.5581188792704792,0
1.3688732859938126,1.1088578964443478,-1.4931549207498969,-0.4591134811612747,-0.9934305501898775,1
2.364698043236806,-0.9855619488970696,-0.7194756824959906,-0.84780432213055,1.3310745969146205,0
2.4282277894307196,0.07304653885740331,1.5127621501356776,1.5378685680525694,-0.2854691448315486,1
0.7326806708876901,-2.9515925208446965,-0.13628455686589858,0.16353616437004592,0.20422520479792083,0
-0.6132487273293438,-0.8549632287958979,1.6955075120816991,-1.3781226226738315,1.7973228659485283,1
-0.33675583787427,-1.86585132431442,1.4932137676802955,0.29564746967531175,2.883285085723325,1
-0.5577852134746832,-0.9961397156031695,1.4014237270705905,-1.2287547656999813,1.6651378195823914,1
-1.059560989135231,-0.3264652328234027,2.674355115418155,-0.6326435511816251,1.5853860020857053,0
1.1710908005726641,2.7673553634009425,-1.1675050454049676,2.7998539448165642,-0.9967002654300559,1
3.1123223646770226,0.4313740264049961,0.42451745369116933,1.0795459186924923,1.4804137530993806,0
0.21293278500833546,-0.03803801486284941,3.3097525123569698,3.051645832641938,0.6701662585346417,1
0.9543036266317138,-1.169381197427751,0.3814538621435398,1.472391887644657,0.0007743704354001846,0
2.269527299311081,-0.6303047893735656,-0.752409014452781,-0.5945713546843272,1.4467274355462723,0
1.1890571840975568,0.9190891318066009,2.4697247746519224,1.074910092311093,-0.8682361282409268,1
-0.07477623191660765,-1.7206661568439112,-1.2917886689731104,-1.2586075846237665,0.048310831250177766,0
-1.2509599718167883,-1.7258519414791123,1.1377139506434142,2.5637313664670867,0.11395219678573842,1
1.316790445479288,-1.3800983403831721,-0.9121364777805693,-0.45535476704570543,0.21566169094652443,0
0.38731535760036107,-1.563391333393355,3.3293409935707294,1.616659794243065,-0.22383177262424936,1
2.2284280370017004,-1.005670806090443,0.7385613824179824,1.6027631672079858,1.4322144083266217,0
1.6796897925798735,-1.2269520952090804,-0.5991753618737072,-0.214430011720656,0.18176375372377707,0
-0.8914916591258932,-1.3621425349664222,3.956627550763971,1.6912609378419532,0.15441573329601654,1
0.5599599022090377,-1.9113036927425613,2.317805802333795,-0.5194194354011548,-0.44855855452749194,1
1.0857380085447073,1.3507973488529434,0.6871084104791845,1.267910485077132,-0.9834596192795352,1
-1.2124714171456559,-1.2419878859309228,1.5078322198253788,-0.9314298215745009,1.855546840913096,1
0.36031407778849023,-0.7540595910768,-2.343460098075867,-1.6181337839521577,1.565136346120539,0
-2.1939769839026635,-0.8708089754203532,0.5985993802303466,-1.318835405329959,1.3750886068026222,1
-2.161628134482387,-0.6656987673514393,2.492097827257761,-2.3762218628451506,0.48092178908833905,0
1.7384292675393955,4.662873868752731,-0.45990257988537686,0.5953708103584596,-2.3460966916735484,1
-0.24812646665288907,1.8103198183863456,1.3681921833602275,1.6807894059331168,-1.2956423421126697,1
0.9689823268211945,0.38453468588016815,1.799913279937068,1.2579966401152913,0.8727397418179893,0
2.267991743088759,-1.9500844224059257,0.5267467908919592,1.3076754794886836,1.2730848525771432,0
-2.519343328232652,-0.533453900715031,-0.4638238414969029,2.6154876178571573,3.1512472321513645,1
1.8587455672698505,0.9492099031480212,2.0531035457811804,0.2630740689129911,-0.8427632223603396,1
1.788994149662157,-3.4245623915103325,3.378997846401259,0.26565950953647366,0.016420620930669427,1
-1.0936236747011125,-0.8022934988513293,2.0198265120128656,0.47472982782557427,1.68674030689008,1
3.0843503215214048,2.0426901882290576,1.435502456990125,3.5160932363897133,1.3290249749373173,0
-0.8985666335361742,-1.8634378031728303,2.003976629652528,-1.0972717091560842,2.830215068180987,1
-0.9279364670544603,-0.5049997563575898,0.16451510642001788,-0.3838353847391329,0.36080208671417,0
3.6336078589238827,0.28489542768292764,1.8441280311720867,-0.8553835276243584,3.425904382590788,0
1.1481779192319017,-1.4924392276214087,0.6500057550801103,0.9160403112940967,1.0928419845921173,0
-2.041819966637156,-1.9335218246123664,-3.3132042692910697,-0.8389185273267034,-1.5170053076396703,0
0.05905990339157041,-2.295440249310151,-1.6833436789954455,-0.8251054024478316,-1.069322656482845,0
3.161945034192296,-1.8058979353816391,-0.7100539147016187,-1.3011688317881833,0.9828939478462921,0
2.3414858258251376,-2.0185810120528997,-0.9216541318740149,-1.8641831267804392,0.9889600431123724,0
1.4776761009413097,-0.3940818660763854,2.4447914637457693,1.883372807682763,-0.3061184229377588,1
0.9096356721136384,2.992847516620234,-0.16497531429811896,0.663061707112329,-2.2958886113061205,1
-1.203638745584647,0.29760046050315436,1.2042139547742345,0.5349378321645544,3.612972295677438,1
0.7047614954488344,-0.7095005396483802,1.9727330075419407,0.6323938936559756,-0.06755835250906805,1
0.09367978038684344,-2.2697653694073097,1.4447193099366096,-0.18768693927547586,1.8561362644578483,0
-1.7504736023931389,-1.9689585755307744,0.8810576226076142,-0.40882876030930637,0.7635377419018796,1
-1.3556960502474562,-1.2946922884328425,1.2232096056493722,-1.6570578294559222,1.454079965231046,1
-0.31226099574930954,-1.8047419500599315,1.8792930541431834,0.3905691542115348,-2.560818301936781,1
-0.49868372553826157,-0.21591375360989906,2.4021142688708292,-1.8476634641745018,1.3503643681062825,1
-1.430506227476675,-2.0828093153057514,0.2635965134903997,-1.5182429678099356,2.113936881045708,1
0.1678266206482768,-1.537482605432417,0.36516184098121474,-3.733402698432432,0.39570665923821646,1
4.273995353981023,-1.1959728525546949,1.9459791735870087,-1.1696388014973038,2.251516520900766,0
3.020043091893289,-4.258034389016135,-1.973811735325536,1.8212718235371406,-0.5488800499220152,0
1.384977330522351,-1.9554739087984612,-2.1108528757308864,-1.1996227372607813,0.2586222630968973,0
0.2731339577695926,-0.8630772184993547,0.7506088902453129,-0.0892850682566283,-1.4067251655607214,1
4.022248545834543,-1.9784532120456544,-0.8465289861445227,2.8567940046220768,0.9939367258257711,0
3.444892358159396,-1.4787740554942888,-0.9087966358669789,-1.3546912512193392,1.5540902513977803,0
-1.6224168280265805,-1.1814309931889104,1.1944461461431026,1.2068559456234582,-0.18824238871856425,1
0.662159741247366,-2.2150775543965446,-1.7124934183369112,-1.545223922480099,0.03459099219020423,0
-1.136737292859548,-1.237293011337526,0.6518396273382308,1.8022918714761844,1.790978655989861,1
-0.2212317638161041,-2.3362681387722692,0.7567530535788768,-0.8533422403460444,0.5749054154326694,0
1.4022257562737321,-0.24751029455612206,1.4506403661975407,0.6200382869459058,1.281030081121705,0
0.34991102707229893,-0.005721679890651421,1.2434164061336646,1.1538764883011101,-1.0041566590221855,1
-1.1650435925224782,-1.5006709001760998,1.2820620293679463,-0.3602254165391928,1.6966317999957496,1
-0.744248300086455,1.0781526847663292,2.75056403562778,0.43255694887972984,1.4843383174499845,0
1.7164147051592078,-0.13241906960228944,1.1365231196024626,2.0935780307390335,0.6575928713679788,0
1.8290639360795378,-1.1203231895021752,1.040816756264046,0.5546654791959841,1.074510805066391,0
-0.7773123761905303,-1.0767773763865292,1.288729160505888,0.6855131657070057,0.2747757546398686,0
0.7199286536054493,-0.12584599854170975,1.7197130581392828,1.995753461650268,-0.37690866228025777,1
-1.7447174537440813,-1.756655310284959,0.9268829445309512,-1.0537263859283574,1.151122635298826,1
2.2671170989084555,-1.6906809059121521,0.46440381919215823,0.34343391369381115,-0.8047006924552893,0
0.7586515972761533,-0.15495569616894156,-1.1674967422590103,-0.53271421750404,1.441010161267012,0
-1.0964199989237626,-1.8278221994058683,1.8196777392216679,-3.592840501255724,2.319849012192126,1
0.7619343696646086,-1.645836645289187,-1.4602763328356692,-2.1270179816485992,1.286299599755555,0
-2.1154804377607754,-0.7490362588049284,-0.2957269089272665,-2.017678673651609,4.047182900418969,1
-2.9845862842217397,0.1252454023474563,2.2531131340832014,-0.38074286654273437,-0.3006378116889292,0
0.658088750971078,3.490791161610946,-0.36489025253225216,0.34345952543858405,-2.1774177872904703,1
-1.768582684698384,-1.1877446609290443,1.6283073161253048,-1.0097235141888299,0.6717991683675961,0
-0.1515170165501234,3.1014797676110364,1.471447221117896,2.7024487933097943,-0.7927229047986997,1
0.19523394188258814,-0.7835474043019248,-1.2716875788373967,-0.7467750106143944,0.8805311499649383,0
0.6167769635912368,-1.3523111538498243,-0.5137552533581919,-0.216414192715076,-0.3447430256806667,0
0.6754703041106661,-1.0234870383117027,0.4188287568953317,1.095041243684764,0.10410167374503299,0
-0.4117098309519618,-0.887568377765257,0.449107596537184,-2.049479758966008,-0.3966286295917063,1
-2.7554816855430513,0.19864051090491475,-0.5367533803543463,-5.185669473453512,3.462010822183149,1
-1.297039818580705,0.96928719692989,0.6261274359396295,-3.3918530995739165,5.134251836353989,1
2.4618766310859046,-0.9463154418307319,-0.5795711582104837,-2.2408344028967244,2.674560006542092,0
0.2057811917971315,1.802148765971113,1.2021884045865574,3.3087152397534045,-0.49858269529628474,1
-1.3615558789605147,-0.9067993311743525,1.7881388341138673,-1.7217291980259288,1.0366268621902492,1
0.43877996216159443,0.5916671513232645,2.0703235888133316,1.4645869727156522,1.4976151224245935,0
1.5294779292570433,0.4610532098195663,2.329580360541881,1.5428899522278672,2.664648649438,0
-1.1209132721521702,-1.6779363878766835,-0.09009912024783362,-2.7499747150084364,-2.0666050033513597,1
-0.286100995366685,-1.5416708459631594,1.4442101577516249,-1.2172510324896526,-0.5559238229342107,1
2.9191616936310716,-0.6395924006977304,0.6264588164939069,1.865673322686523,1.4048765952736866,0
-0.4162964215257221,-1.1548612511924765,3.7252882545963963,1.644886664619952,-0.11308100846240876,1
0.9291602088022635,1.7341986356138932,-0.20056105740322971,1.7203531101037959,-0.5107943644863044,1
1.0001040020619523,-2.104517604713321,-1.6097895145718268,0.05723410964866216,-1.4492507765595883,0
-0.9731821580004418,-0.4837592271670027,2.07001740145215,-0.3596838537092151,0.9458819124888648,0
0.07789082614879017,-0.14507379788110153,2.758992291321613,0.19497709104098593,2.3540856344468644,0
-0.01949347632104259,0.5750385215040936,1.0719505023181108,-0.8485216547437118,2.1514267706319794,1
2.0274156819125917,0.43258145050240615,2.192353280975359,0.327039242554777,-1.3206587928278555,1
-0.391574668221214,1.7255809018232626,1.7622840270082238,0.015845807301883785,-0.7713671430011932,1
0.9009512465605138,-1.8905215691445971,-1.9168382517489828,-2.2820072603161137,1.0685262298505822,0
-0.21001424988508044,-1.5114708331592572,3.608380748116966,0.4723104332949464,2.7933099830206047,1
1.2428246962719858,0.2423219953036989,-0.309411874118497,1.3211787903562882,-0.8028650037576692,1
0.160045684550276,-1.6971655257566376,-0.9063033582822756,-0.5271617586493859,-0.585130674899969,0
3.387228974398419,-1.1285885188753686,0.9217296119336784,-1.7216911554841738,2.4685926412778896,0
1.3317893162664773,-1.693740252468643,1.914748051410606,1.1599263086195308,0.3638538781648206,0
-1.1707319742215603,-2.338178260934722,4.724045773761775,2.3273064712506377,0.4054376842662164,1
-0.5044669921469507,-1.2580607485105506,-2.2986234416392124,-1.168751958754966,0.22732060927328002,0
-0.810557576342693,-2.094522182242727,3.3862371326586445,-1.271841924705207,1.9059771257461526,1
0.34318149244713336,1.4880577390165963,1.3021891874781615,1.5728672390223886,-1.1138009322391436,1
-1.5185075226421243,-1.5497306230219474,0.9201881669531308,-1.9275461212834144,1.621534380524864,1
1.5584984012792364,-1.574547496125792,-2.1425417153832345,-1.544069678015313,0.9619067453292387,0
2.5338976617248727,-1.1487433700816814,-0.017217566486744662,2.5604758494394817,1.051310981487338,0
0.01772647770798641,-0.036985428584307645,1.2057923307824971,1.4759637054970343,0.4266866594450899,0
2.538128351538042,-1.7346904812900994,-1.7728091625467013,-2.370526290329797,1.908527041350225,0
1.635205149230528,1.3394193378463108,1.7674236279853939,2.59890684035246,1.2011659795358256,0
3.1828298908773593,-0.1762611322907508,1.954418658631715,1.0860999336871995,0.8097432712889504,0
-0.32062030459380153,-1.5235791718868175,1.0598636501071623,-0.1419654843760585,0.8396186832771312,1
2.9430435694209205,-0.8729325575637318,-0.4551732870892242,-0.17234928002094663,1.1273829054107831,0
2.5892889211408274,-1.9964766706793153,-0.959042054984546,-0.6972054560845302,-0.011336142831321228,0
1.5946126480661595,0.9025362791829421,-0.9771653755847864,-0.11053939120672851,-0.9871648231766375,1
0.3579681433917369,2.763136578673395,0.9998170961100764,0.1991581547299084,-1.2220254949704985,1
0.6586571088645706,-0.05847636113034116,1.337412860537473,0.9554967668069045,-0.3703181559680422,1
-1.754368505011691,-1.1788560299090698,1.07360513144691,1.1423170759907175,0.04896295398630157,1
-0.7320220130911901,-0.8454295085148154,1.5012532270411645,-1.1117189847807707,1.0988194393097115,1
-0.5685679111379158,-1.8212598619340177,0.7583600228821561,-0.8214955585579681,-0.019842581851669427,1
4.038748003317856,-1.6583182979630677,-1.4548589579159565,-1.7019692234642583,2.014766592428592,0
1.7216052690802335,3.4109468819097177,0.38860023726362747,1.0999847678195633,-1.3244925435148922,1
1.3387935341957482,-0.9203504671316023,-1.236527693356139,-0.9762973990360795,1.2722741352657512,0
1.4341415679814344,1.9461066286264341,-1.7948271716526785,0.8373958828221445,-1.8999221983386045,1
-0.5155992867787782,0.5389555412712306,-2.59414380473215,-2.9537270834735523,4.3102002750538215,0
2.1021763636537405,-0.5537644087910023,0.9914756449677796,1.6072726679591254,1.198034547165307,0
-0.23780871929240877,-2.8607575264125638,4.175219206448558,1.308362094250413,0.3913600141464624,1
0.9296920733929591,-0.41874017607143976,-0.6414159694809506,-1.5110475615001584,2.208430074927759,0
0.18600241905770154,-0.4054582292949679,-1.4424448946296524,-1.4303141546639608,1.8414287333661776,0
0.44437312961730946,-0.5548518862687508,-2.5864543545488816,-0.5793691003590163,0.9214696713634002,0
-1.0991114438508478,-2.713779832620962,2.1922182396486516,-0.2200533652395671,0.42558143754742783,1
-2.7127147937821454,-0.4527059572883445,-3.460546035566821,-1.6078829987425094,0.7440725031698383,0
-0.7942521236184279,-1.252587537000601,1.2357145849889717,0.062423553788426456,0.24724623124368017,0
0.25256898553823626,-1.2960149705820032,2.361698438882709,-1.9917542991349309,0.7852808574706898,1
3.250192022426332,-1.1725819888570035,0.16063568660779692,2.64352395343037,1.7640681093034782,0
-0.5582236849225912,-1.2951366998916647,1.0988875903903816,0.2564604746395027,0.06455439867649948,0
-0.910288677163503,-1.1366067060205673,-1.765064434326968,-0.4553585051294543,-0.3523774723733992,0
0.656755604268648,0.3324553596957547,-0.1938683175433712,-0.45681157095133706,1.8597634191322177,0
1.1971411035321913,-0.4083336445249399,1.2753636027276043,0.8465963500887727,-0.2731156980037299,1
-1.7538710210332162,-2.2917712339808514,1.0884840208086566,-0.6028969200222147,-0.7455157439982047,1
3.672305890758244,-1.093564559873136,0.21121148219822428,-1.0640126907704963,1.924456546293996,0
-0.009755618112335274,-0.8578179156058012,0.9253818756438659,-0.24184769248167726,-0.6668606746404824,1
0.5046770864172253,1.0259604606317756,2.014872115278024,1.259992382958432,-0.964604793572232,1
-2.404560405704074,-0.7727362379847326,1.1655431515326278,-1.432565953939383,3.8648910689774416,1
1.9627668945720569,1.5668110983800814,-0.7195693410300055,0.34945520926485196,-1.78095824877698,1
-0.27877796487481765,-0.7376404774464893,1.753862817129373,0.31748127994314124,1.311593767004679,0
