customer_id,country,city,tenure_days,freq,monetary,avg_amount,max_amount,recency_days,avg_gap_days,label_churn
1001,IN,Delhi,216,4,747.345631337,186.8364078343,305.8068682143,9.0,60.6666666667,0
1002,UK,London,90,3,543.9962227175,181.3320742392,296.6676839346,23.0,9.5,1
1003,US,NYC,138,2,720.3052244343,360.1526122171,540.1838121493,44.0,83.0,0
1004,IN,Delhi,167,2,551.1185035829,275.5592517915,457.4659718729,48.0,37.0,0
1005,SG,Singapore,264,6,1345.9331095394,224.3221849232,376.4396389374,93.0,15.4,0
1006,IN,Delhi,264,3,693.8092029575,231.2697343192,482.4296368345,69.0,48.0,0
1007,IN,Bengaluru,286,6,1147.6302007376,191.2717001229,466.6828870437,77.0,20.8,1
1008,US,Austin,108,3,294.9395624752,98.3131874917,107.8187761038,17.0,39.0,0
1009,SG,Singapore,166,1,104.989975932,104.989975932,104.989975932,20.0,,1
1010,SG,Singapore,143,1,299.0674810317,299.0674810317,299.0674810317,27.0,,0
1011,SG,Singapore,294,8,1194.5921772901,149.3240221613,198.0670359983,35.0,16.8571428571,0
1012,US,SF,86,1,110.9518753743,110.9518753743,110.9518753743,5.0,,0
1013,SG,Singapore,116,2,148.8496630086,74.4248315043,80.6149968767,86.0,30.0,1
1014,IN,Bengaluru,252,5,754.7480693166,150.9496138633,260.1886736911,94.0,17.0,0
1015,DE,Munich,259,2,512.0284265368,256.0142132684,318.2804960357,54.0,6.0,0
1016,UK,London,258,2,228.1965272631,114.0982636316,145.6818376481,60.0,140.0,0
1017,US,SF,232,3,366.1824297305,122.0608099102,199.5352156954,35.0,44.5,1
1018,IN,Delhi,183,3,747.1802246552,249.0600748851,485.4209303585,16.0,33.0,0
1019,DE,Berlin,204,5,979.5952898805,195.9190579761,315.2776487947,40.0,37.5,0
1020,UK,Manchester,235,5,1036.5639032423,207.3127806485,375.5918771609,50.0,29.75,0
1021,SG,Singapore,164,2,376.6986830489,188.3493415245,288.6520975818,39.0,11.0,0
1022,IN,Hyderabad,268,5,819.7686402927,163.9537280585,233.22008101,26.0,41.75,0
1023,SG,Singapore,234,4,825.4131407119,206.353285178,379.6745420835,49.0,49.6666666667,0
1024,DE,Berlin,218,5,811.6551289765,162.3310257953,199.3062806385,20.0,26.25,0
1025,SG,Singapore,198,3,528.0153514191,176.0051171397,237.8119166786,123.0,34.5,1
1026,SG,Singapore,126,2,226.5310993679,113.2655496839,127.9569104951,91.0,18.0,1
1027,SG,Singapore,255,3,580.6670754737,193.5556918246,225.6384609817,100.0,37.0,0
1028,IN,Delhi,186,4,585.0457604185,146.2614401046,283.4989728505,27.0,34.0,0
1029,US,SF,168,2,253.9362808789,126.9681404394,179.7440699146,58.0,109.0,0
1030,IN,Bengaluru,288,4,537.7090942503,134.4272735626,194.7118814851,29.0,28.0,0
1031,IN,Hyderabad,165,7,1124.4567292888,160.6366756127,302.9846952037,7.0,24.5,0
1032,UK,Manchester,261,7,684.6485227168,97.8069318167,234.0084331643,36.0,23.0,0
1033,UK,London,284,3,797.3864202898,265.7954734299,393.0897421703,54.0,72.0,0
1034,UK,Manchester,90,1,93.3744342754,93.3744342754,93.3744342754,33.0,,0
1035,US,Austin,86,1,80.7328827726,80.7328827726,80.7328827726,6.0,,0
1036,UK,London,121,6,1123.0401247541,187.1733541257,528.8546179391,7.0,18.8,1
1037,SG,Singapore,232,3,915.0900540504,305.0300180168,541.0144011126,4.0,74.5,0
1038,SG,Singapore,277,7,850.7423768471,121.5346252639,256.5852965674,30.0,18.8333333333,0
1039,US,SF,148,1,158.4291322398,158.4291322398,158.4291322398,20.0,,0
1040,DE,Munich,202,2,548.2649281391,274.1324640696,414.4801515252,130.0,50.0,0
1041,SG,Singapore,272,5,1685.2251438307,337.0450287661,544.0283758261,6.0,46.0,0
1042,UK,London,190,2,443.8795584158,221.9397792079,307.427369511,22.0,36.0,0
1043,US,NYC,291,9,2435.4575199199,270.6063911022,460.3415839213,4.0,20.5,0
1044,UK,Manchester,99,1,100.5284380511,100.5284380511,100.5284380511,80.0,,0
1045,UK,London,242,3,434.3610037385,144.7870012462,275.8282441749,5.0,92.0,0
1046,US,Austin,153,1,363.4396074576,363.4396074576,363.4396074576,21.0,,0
1047,UK,London,230,2,328.3935321478,164.1967660739,202.2619279815,104.0,41.0,0
1048,DE,Munich,184,4,1383.7789257054,345.9447314264,733.5600119154,34.0,31.6666666667,0
1049,DE,Berlin,178,2,411.8588296882,205.9294148441,252.110092293,133.0,45.0,0
1050,UK,London,258,4,591.9523474809,147.9880868702,178.1303795825,44.0,46.3333333333,0
1051,US,Austin,86,2,196.9476349519,98.473817476,111.6152630221,44.0,7.0,0
1052,SG,Singapore,128,2,364.4661337014,182.2330668507,246.769081416,28.0,73.0,0
1053,SG,Singapore,92,0,,,,,,1
1054,SG,Singapore,102,1,191.902566578,191.902566578,191.902566578,26.0,,1
1055,UK,London,167,3,740.5449597485,246.8483199162,338.3886635752,76.0,31.5,0
1056,US,Austin,96,1,159.799976148,159.799976148,159.799976148,60.0,,1
1057,DE,Berlin,279,4,700.8784102885,175.2196025721,206.6220389782,109.0,29.3333333333,1
1058,IN,Delhi,255,7,801.6257462936,114.5179637562,161.8905676749,34.0,22.5,0
1059,US,Austin,289,9,1434.0165591192,159.3351732355,232.4665058224,51.0,16.625,0
1060,US,Austin,227,5,590.488881837,118.0977763674,174.4217408857,9.0,46.25,0
1061,DE,Berlin,213,8,1835.7221185959,229.4652648245,480.2170476609,3.0,27.5714285714,0
1062,DE,Munich,239,3,277.4983049353,92.4994349784,137.0697598579,78.0,51.5,0
1063,SG,Singapore,117,3,363.2192063873,121.0730687958,165.7216753785,15.0,40.5,1
1064,SG,Singapore,220,2,426.4519709161,213.2259854581,291.5911537162,10.0,190.0,0
1065,SG,Singapore,237,4,596.6164029357,149.1541007339,166.4848248585,12.0,34.3333333333,1
1066,IN,Mumbai,179,7,885.345485171,126.477926453,375.7033436602,60.0,19.1666666667,1
1067,UK,London,268,4,845.9296178059,211.4824044515,222.7789072638,62.0,42.0,0
1068,UK,Manchester,122,1,77.2117718347,77.2117718347,77.2117718347,68.0,,0
1069,US,SF,282,3,474.8995676391,158.2998558797,181.1103144939,21.0,30.0,0
1070,IN,Mumbai,82,0,,,,,,0
1071,SG,Singapore,129,3,347.7079834318,115.9026611439,189.4047929396,10.0,56.0,0
1072,SG,Singapore,255,1,487.86159114,487.86159114,487.86159114,21.0,,0
1073,UK,London,297,3,331.3253443989,110.4417814663,141.3284191987,32.0,81.5,0
1074,US,SF,119,4,866.6684952831,216.6671238208,348.4246230091,13.0,28.6666666667,0
1075,US,Austin,143,3,616.5059037362,205.5019679121,353.0650201009,11.0,15.0,0
1076,SG,Singapore,138,2,369.6623681934,184.8311840967,214.9066117361,52.0,37.0,0
1077,SG,Singapore,129,3,350.1722329786,116.7240776595,134.5596392996,12.0,26.0,1
1078,DE,Berlin,282,4,402.7730642851,100.6932660713,129.2514292658,58.0,28.6666666667,0
1079,IN,Mumbai,220,5,1137.1943289252,227.438865785,424.007160272,37.0,28.0,0
1080,UK,London,273,10,1511.6327652336,151.1632765234,423.9156604938,10.0,20.3333333333,0
1081,IN,Bengaluru,109,2,282.3215745037,141.1607872518,197.1922706842,35.0,40.0,1
1082,SG,Singapore,162,0,,,,,,1
1083,IN,Hyderabad,226,3,920.9261403468,306.9753801156,519.6033145003,77.0,19.0,0
1084,IN,Bengaluru,285,5,960.1642819648,192.032856393,313.155178492,8.0,31.25,0
1085,US,Austin,230,5,1197.6562571506,239.5312514301,427.0979416511,4.0,39.75,0
1086,DE,Berlin,227,4,682.7165297478,170.679132437,258.7761247827,7.0,50.3333333333,0
1087,UK,Manchester,138,0,,,,,,0
1088,US,Austin,158,6,1074.9176827692,179.1529471282,277.8421327122,3.0,30.6,0
1089,US,Austin,104,4,390.7605069018,97.6901267255,185.6932208263,52.0,4.6666666667,0
1090,UK,Manchester,195,4,807.9136088361,201.978402209,381.3859426036,127.0,22.3333333333,0
1091,UK,Manchester,272,4,519.2760667263,129.8190166816,183.0720909236,4.0,56.3333333333,0
1092,SG,Singapore,142,4,530.0025626861,132.5006406715,182.5395753831,63.0,23.0,1
1093,IN,Bengaluru,131,2,499.0999137103,249.5499568552,310.2530644812,95.0,36.0,0
1094,US,NYC,175,1,41.5783628609,41.5783628609,41.5783628609,120.0,,0
1095,UK,London,129,2,441.8161554357,220.9080777179,341.3821986953,112.0,0.0,1
1096,SG,Singapore,190,1,148.5776285952,148.5776285952,148.5776285952,33.0,,1
1097,SG,Singapore,184,3,599.669306471,199.8897688237,231.7630903746,50.0,61.0,0
1098,IN,Delhi,205,4,541.2494977261,135.3123744315,204.3921619035,24.0,37.3333333333,0
1099,IN,Bengaluru,293,3,306.0142426385,102.0047475462,142.9366158053,56.0,71.5,0
1100,IN,Delhi,275,8,1839.3931786688,229.9241473336,517.2154621971,5.0,24.8571428571,0
1101,UK,London,292,3,377.971574077,125.9905246923,164.3960182763,58.0,17.5,0
1102,SG,Singapore,159,6,1002.9924691314,167.1654115219,325.3192960403,32.0,24.0,0
1103,UK,Manchester,229,2,399.7346331793,199.8673165897,278.4460365192,145.0,10.0,0
1104,US,Austin,187,3,463.664008312,154.5546694373,182.4781665325,10.0,36.5,1
1105,US,Austin,99,0,,,,,,0
1106,SG,Singapore,244,5,575.1105716322,115.0221143264,219.8673408342,20.0,45.0,1
1107,US,SF,208,5,1176.457678016,235.2915356032,444.8655586067,52.0,28.75,0
1108,DE,Berlin,133,6,880.3806959182,146.7301159864,352.8255464837,17.0,22.2,1
1109,IN,Delhi,248,6,884.9902822729,147.4983803788,193.4045851816,43.0,31.2,1
1110,DE,Munich,282,6,633.485750105,105.5809583508,157.509063659,38.0,29.0,0
1111,DE,Munich,235,7,1605.1922447844,229.3131778263,518.856955579,65.0,21.5,0
1112,DE,Berlin,263,8,1738.4462327131,217.3057790891,544.0459121798,30.0,20.5714285714,1
1113,IN,Delhi,94,1,201.0097762833,201.0097762833,201.0097762833,80.0,,1
1114,DE,Munich,121,4,862.7387856947,215.6846964237,362.6607647677,2.0,36.0,1
1115,IN,Bengaluru,159,3,384.2287712653,128.0762570884,176.907905505,19.0,25.5,0
1116,US,NYC,107,0,,,,,,1
1117,SG,Singapore,122,2,256.4347827242,128.2173913621,164.8724372562,88.0,6.0,0
1118,US,SF,258,2,204.0003948429,102.0001974215,127.9125549804,53.0,42.0,1
1119,US,SF,102,0,,,,,,0
1120,DE,Berlin,180,2,386.2800006001,193.1400003001,242.0878346651,98.0,72.0,0
1121,IN,Hyderabad,121,4,317.9122087712,79.4780521928,127.725994325,45.0,21.0,0
1122,SG,Singapore,102,3,357.1754855658,119.0584951886,192.5295276842,7.0,10.0,1
1123,IN,Delhi,229,2,309.330127723,154.6650638615,269.4432664999,70.0,47.0,0
1124,IN,Bengaluru,274,7,1275.6493287809,182.2356183973,296.0015025092,18.0,21.6666666667,0
1125,US,SF,248,4,382.3362207372,95.5840551843,149.0537650536,12.0,12.3333333333,0
1126,DE,Munich,205,4,1173.0093632731,293.2523408183,659.257334048,33.0,40.6666666667,0
1127,US,SF,119,1,58.436653473,58.436653473,58.436653473,56.0,,0
1128,IN,Bengaluru,109,1,223.1279583364,223.1279583364,223.1279583364,34.0,,0
1129,DE,Berlin,297,3,353.9418475952,117.9806158651,146.4424637621,22.0,36.5,0
1130,DE,Munich,186,2,407.0659747864,203.5329873932,210.9665268217,99.0,82.0,0
1131,DE,Munich,207,7,1155.772953458,165.1104219226,326.6430208939,19.0,29.0,0
1132,DE,Munich,250,5,722.8320672907,144.5664134581,344.8002960941,66.0,29.25,0
1133,US,NYC,272,2,223.4382472133,111.7191236066,131.9952304915,96.0,90.0,0
1134,UK,London,224,7,1201.20709938,171.6010141971,328.7374031874,1.0,28.6666666667,0
1135,IN,Delhi,91,0,,,,,,0
1136,UK,London,228,2,226.6470987216,113.3235493608,153.8613076214,17.0,15.0,0
1137,IN,Hyderabad,185,7,1016.2931108213,145.1847301173,211.281550725,33.0,24.6666666667,1
1138,SG,Singapore,144,3,399.7213262119,133.2404420706,159.8832138743,4.0,67.5,0
1139,IN,Delhi,219,5,640.1547796281,128.0309559256,225.3603774169,18.0,39.75,0
1140,US,NYC,85,1,83.2501502182,83.2501502182,83.2501502182,21.0,,0
1141,SG,Singapore,87,1,109.8649975512,109.8649975512,109.8649975512,86.0,,0
1142,US,SF,243,5,981.2770433158,196.2554086632,348.034833964,92.0,21.75,0
1143,IN,Bengaluru,189,7,933.8420897132,133.4060128162,252.5766363976,56.0,22.1666666667,1
1144,SG,Singapore,232,6,1145.6253411735,190.9375568622,440.5591074946,13.0,21.6,0
1145,SG,Singapore,236,5,865.7111878169,173.1422375634,260.317611983,20.0,39.0,1
1146,DE,Munich,290,4,879.2322410805,219.8080602701,489.3120358776,45.0,49.3333333333,0
1147,UK,London,165,5,467.0791383699,93.415827674,140.4675337435,2.0,40.0,0
1148,UK,London,188,6,664.8945789564,110.8157631594,201.3742312409,28.0,25.8,0
1149,UK,Manchester,287,6,1184.5127329747,197.4187888291,411.4393368986,18.0,34.6,0
1150,US,Austin,237,5,744.2394733532,148.8478946706,211.6354652415,15.0,31.0,0
1151,UK,Manchester,99,0,,,,,,1
1152,UK,London,246,5,929.4831243682,185.8966248736,251.0623966113,33.0,33.25,0
1153,IN,Hyderabad,267,4,409.0718294236,102.2679573559,177.3182539813,22.0,37.3333333333,0
1154,SG,Singapore,191,3,724.4844390198,241.4948130066,298.181734077,51.0,17.5,1
1155,IN,Bengaluru,82,2,428.3670896162,214.1835448081,320.6307392347,38.0,26.0,1
1156,SG,Singapore,245,4,399.470635539,99.8676588847,186.3530957908,48.0,47.6666666667,0
1157,US,SF,151,2,393.5216006825,196.7608003412,282.7603736844,51.0,12.0,1
1158,IN,Bengaluru,131,4,594.9079282071,148.7269820518,169.0187864851,6.0,20.6666666667,0
1159,UK,Manchester,246,2,306.4362849716,153.2181424858,155.5015892765,7.0,166.0,0
1160,US,SF,139,2,260.2579193514,130.1289596757,147.6924511714,65.0,38.0,0
1161,SG,Singapore,218,4,653.3759569603,163.3439892401,222.075832258,19.0,41.6666666667,0
1162,SG,Singapore,160,5,1248.3725441619,249.6745088324,781.5939700168,69.0,16.0,0
1163,SG,Singapore,159,4,635.4204290144,158.8551072536,275.7608728379,14.0,31.6666666667,1
1164,IN,Bengaluru,181,4,730.2919711377,182.5729927844,221.3536841907,73.0,34.0,0
1165,UK,London,279,2,369.6563471739,184.828173587,202.4538702769,91.0,9.0,0
1166,IN,Bengaluru,115,2,318.3586455143,159.1793227572,183.9444227449,23.0,76.0,1
1167,UK,Manchester,228,4,743.2611638435,185.8152909609,218.6238399713,42.0,25.6666666667,0
1168,SG,Singapore,258,5,764.9866081904,152.9973216381,296.8361333313,27.0,39.75,0
1169,UK,London,290,7,1022.868124443,146.1240177776,211.180566492,5.0,26.1666666667,1
1170,UK,Manchester,169,2,251.4910871041,125.7455435521,128.651633897,5.0,76.0,1
1171,UK,London,150,3,443.2151230844,147.7383743615,232.69976164,5.0,56.0,0
1172,IN,Hyderabad,295,3,886.5465985444,295.5155328481,346.7182092688,27.0,34.5,0
1173,UK,London,186,4,824.4731070726,206.1182767682,423.6392389302,65.0,22.6666666667,0
1174,IN,Mumbai,249,6,1444.4847963416,240.7474660569,396.0255319041,36.0,31.6,0
1175,US,Austin,157,5,702.6603378176,140.5320675635,199.2658028247,52.0,20.0,1
1176,UK,London,260,2,352.296468318,176.148234159,264.438349494,95.0,52.0,0
1177,DE,Munich,147,3,1087.6148053784,362.5382684595,509.1247445357,15.0,45.0,0
1178,SG,Singapore,214,5,679.3335353617,135.8667070723,253.0260112918,2.0,42.25,0
1179,IN,Delhi,93,1,95.4991909453,95.4991909453,95.4991909453,78.0,,1
1180,US,Austin,268,0,,,,,,0
1181,IN,Mumbai,224,4,509.5727595968,127.3931898992,239.5676700231,76.0,33.3333333333,0
1182,SG,Singapore,274,3,591.853762404,197.284587468,275.2457496095,40.0,74.0,0
1183,DE,Berlin,95,1,121.2510177903,121.2510177903,121.2510177903,80.0,,1
1184,IN,Mumbai,106,2,181.3198903417,90.6599451708,109.0339851512,32.0,69.0,1
1185,UK,London,242,6,955.7310733289,159.2885122215,232.8800857472,25.0,31.2,0
1186,UK,London,154,5,1161.2338407437,232.2467681487,496.815808318,27.0,25.75,1
1187,US,Austin,119,3,435.0210330467,145.0070110156,207.9609184337,3.0,38.5,0
1188,IN,Mumbai,177,0,,,,,,0
1189,SG,Singapore,182,2,476.7547485671,238.3773742836,303.6836709469,8.0,126.0,1
1190,SG,Singapore,245,6,905.4655751269,150.9109291878,189.5729945466,6.0,36.2,1
1191,US,NYC,278,2,1102.2782267288,551.1391133644,694.5034921649,39.0,72.0,1
1192,US,SF,101,0,,,,,,0
1193,IN,Bengaluru,101,1,195.1759386172,195.1759386172,195.1759386172,69.0,,1
1194,UK,Manchester,159,3,499.9144867453,166.6381622484,256.0281621455,17.0,35.0,1
1195,US,SF,224,4,549.0401503982,137.2600375995,168.870549103,3.0,52.3333333333,0
1196,US,Austin,222,3,382.446724146,127.482241382,235.081159149,18.0,66.5,0
1197,IN,Hyderabad,139,2,279.6171167326,139.8085583663,146.6609401848,101.0,24.0,0
1198,IN,Hyderabad,101,2,455.1480432076,227.5740216038,383.2789951932,78.0,20.0,0
1199,US,NYC,104,1,248.4736684613,248.4736684613,248.4736684613,71.0,,0
1200,DE,Munich,127,0,,,,,,1
1201,UK,London,158,3,804.4930219259,268.164340642,326.7858209714,25.0,44.5,1
1202,US,NYC,280,8,1290.187713355,161.2734641694,397.1199470018,5.0,24.4285714286,1
1203,US,SF,263,3,748.6018371932,249.5339457311,366.3080597366,35.0,66.5,0
1204,UK,Manchester,101,2,214.1145806697,107.0572903349,144.0122606594,53.0,16.0,0
1205,IN,Mumbai,165,5,783.665480251,156.7330960502,380.2806214638,38.0,30.5,0
1206,UK,Manchester,296,5,926.8996108151,185.379922163,320.6738631822,56.0,17.25,0
1207,SG,Singapore,276,6,619.2017746968,103.2002957828,150.2424466585,4.0,30.6,0
1208,IN,Delhi,153,0,,,,,,0
1209,UK,London,297,5,713.8125295535,142.7625059107,193.6287873641,40.0,40.0,0
1210,SG,Singapore,263,6,1183.8022000263,197.300366671,446.0902213184,46.0,19.0,0
1211,IN,Delhi,178,3,260.8267384509,86.9422461503,126.8772309722,46.0,40.5,1
1212,SG,Singapore,147,0,,,,,,1
1213,UK,Manchester,155,4,708.6292523207,177.1573130802,404.7864088598,39.0,28.0,1
1214,DE,Berlin,249,3,297.248314231,99.0827714103,142.2900789044,3.0,70.5,0
1215,DE,Berlin,142,4,838.8100399591,209.7025099898,519.4633240579,10.0,24.6666666667,1
1216,UK,London,246,6,1024.5916395831,170.7652732638,266.5143335538,2.0,29.4,1
1217,DE,Berlin,227,5,935.9260112392,187.1852022478,393.0567542595,31.0,18.0,1
1218,SG,Singapore,135,0,,,,,,0
1219,UK,Manchester,156,2,274.8281256716,137.4140628358,169.9931241305,26.0,34.0,0
1220,IN,Mumbai,112,0,,,,,,1
1221,SG,Singapore,154,3,886.6891397383,295.5630465794,401.5628993683,1.0,61.5,1
1222,IN,Mumbai,174,5,1316.7754088419,263.3550817684,724.3010684116,24.0,37.25,0
1223,SG,Singapore,278,3,500.8289115338,166.9429705113,202.1595210921,25.0,59.0,0
1224,DE,Munich,218,5,488.1599624839,97.6319924968,150.9695361411,25.0,42.5,0
1225,DE,Munich,240,2,300.7215865722,150.3607932861,150.3607932861,86.0,56.0,1
1226,SG,Singapore,245,2,373.8487969445,186.9243984722,253.1560447068,32.0,109.0,1
1227,US,SF,85,0,,,,,,0
1228,DE,Berlin,212,3,236.6344260671,78.8781420224,135.6837193189,69.0,60.5,1
1229,SG,Singapore,103,1,266.225334404,266.225334404,266.225334404,62.0,,0
1230,DE,Berlin,160,4,546.6521229267,136.6630307317,202.8473391453,5.0,49.0,1
1231,UK,Manchester,124,1,428.4674174988,428.4674174988,428.4674174988,49.0,,0
1232,US,SF,188,3,518.6855025301,172.89516751,285.9662467588,64.0,47.5,0
1233,SG,Singapore,172,3,409.3935409983,136.4645136661,183.997832992,31.0,57.0,1
1234,DE,Munich,190,6,865.6270193749,144.2711698958,266.9535527154,45.0,27.6,0
1235,DE,Berlin,256,5,934.5510553187,186.9102110637,266.139224303,30.0,15.0,0
1236,SG,Singapore,140,3,621.8847635265,207.2949211755,286.8877217012,31.0,36.5,1
1237,US,Austin,237,8,1421.2098766973,177.6512345872,380.2401468944,27.0,24.0,0
1238,IN,Mumbai,293,6,1016.5051258959,169.4175209826,444.7880151055,5.0,37.6,1
1239,SG,Singapore,157,2,195.9639166965,97.9819583483,160.3919976174,30.0,64.0,1
1240,IN,Bengaluru,260,6,1680.3387012341,280.0564502057,409.6929363925,39.0,26.8,0
1241,UK,London,92,0,,,,,,1
1242,US,NYC,89,1,185.4975393143,185.4975393143,185.4975393143,16.0,,0
1243,IN,Delhi,98,0,,,,,,1
1244,US,SF,217,2,182.95566779,91.477833895,125.4238457921,44.0,33.0,0
1245,SG,Singapore,295,11,1886.0262729212,171.4569339019,291.7241078389,37.0,15.8,0
1246,DE,Munich,95,0,,,,,,1
1247,SG,Singapore,204,2,289.8780170031,144.9390085016,151.5065856065,59.0,75.0,0
1248,DE,Munich,86,1,219.4285453837,219.4285453837,219.4285453837,44.0,,0
1249,DE,Berlin,87,0,,,,,,1
1250,US,Austin,111,2,280.3276494509,140.1638247255,178.6456365619,61.0,49.0,0
1251,IN,Delhi,234,7,979.4730914372,139.9247273482,239.7908237586,30.0,18.8333333333,0
1252,DE,Berlin,214,6,966.8004977536,161.1334162923,407.0334930044,16.0,36.4,0
1253,US,Austin,112,2,393.0673134771,196.5336567385,229.8868174875,37.0,10.0,0
1254,SG,Singapore,229,5,1142.3657829029,228.4731565806,409.6887939788,2.0,40.25,0
1255,IN,Bengaluru,261,4,1017.7525944213,254.4381486053,642.0929232514,26.0,33.3333333333,0
1256,IN,Hyderabad,176,8,1454.596609401,181.8245761751,438.4933558106,26.0,20.2857142857,0
1257,US,SF,93,0,,,,,,1
1258,SG,Singapore,146,4,241.1609219921,60.290230498,110.2449505512,36.0,29.3333333333,0
1259,DE,Munich,173,6,1320.4534742219,220.075579037,438.6287883322,84.0,17.8,1
1260,SG,Singapore,277,4,1132.9966731977,283.2491682994,476.4985223858,71.0,33.0,0
1261,US,Austin,163,1,189.8822957166,189.8822957166,189.8822957166,162.0,,1
1262,DE,Munich,81,0,,,,,,0
1263,UK,London,268,8,1393.7712580634,174.2214072579,321.911429752,62.0,17.8571428571,0
1264,UK,Manchester,185,3,869.5702525892,289.8567508631,343.0267739721,22.0,51.0,0
1265,US,SF,106,0,,,,,,1
1266,DE,Berlin,136,1,249.4288872894,249.4288872894,249.4288872894,109.0,,0
1267,UK,London,145,1,55.0671068385,55.0671068385,55.0671068385,89.0,,0
1268,UK,Manchester,144,5,709.7436684685,141.9487336937,197.4432487799,22.0,23.0,1
1269,UK,London,220,7,899.0590708435,128.4370101205,229.9504296009,2.0,20.3333333333,0
1270,US,NYC,234,5,552.3793081635,110.4758616327,171.9267597332,6.0,48.25,0
1271,US,SF,121,0,,,,,,0
1272,US,Austin,121,2,124.768962534,62.384481267,71.8163870398,83.0,19.0,1
1273,US,NYC,108,0,,,,,,0
1274,DE,Munich,98,2,169.1167811996,84.5583905998,90.4894070009,15.0,52.0,1
1275,UK,Manchester,186,3,850.8412068205,283.6137356068,518.9591912669,146.0,19.5,1
1276,DE,Berlin,188,8,1664.0648748116,208.0081093515,476.3330663064,2.0,24.0,0
1277,US,SF,123,1,188.3360753833,188.3360753833,188.3360753833,10.0,,0
1278,DE,Berlin,156,3,543.2396298807,181.0798766269,267.8304476689,32.0,27.5,0
1279,SG,Singapore,144,3,418.1699083458,139.3899694486,177.0389266138,53.0,25.0,1
1280,DE,Berlin,124,3,332.3997538007,110.7999179336,122.2630142518,33.0,18.0,0
1281,UK,Manchester,103,2,242.1340353155,121.0670176577,123.0704358635,29.0,45.0,0
1282,DE,Munich,224,3,669.9262221816,223.3087407272,417.9727653299,62.0,52.0,1
1283,SG,Singapore,216,3,362.0521668233,120.6840556078,159.6695997282,70.0,42.0,0
1284,DE,Berlin,278,6,1127.5991518682,187.933191978,468.8840403036,27.0,28.8,0
1285,UK,Manchester,172,5,665.6323155443,133.1264631089,218.3862378904,16.0,36.25,0
1286,DE,Berlin,291,5,823.1438187256,164.6287637451,263.7809903326,12.0,36.25,1
1287,DE,Munich,196,2,276.1942899161,138.0971449581,199.3767183334,40.0,3.0,0
1288,DE,Berlin,179,3,475.5232800938,158.5077600313,295.7404551844,26.0,64.5,0
1289,DE,Berlin,236,4,527.8688722816,131.9672180704,232.7226230196,17.0,38.6666666667,1
1290,SG,Singapore,169,2,256.8859547299,128.4429773649,161.0900617965,65.0,53.0,0
1291,DE,Berlin,292,10,1585.8330072739,158.5833007274,556.0367712318,8.0,15.4444444444,1
1292,IN,Hyderabad,290,3,607.969228036,202.6564093453,356.0990072628,31.0,41.5,0
1293,US,SF,118,2,188.7010389137,94.3505194569,98.6982164794,35.0,74.0,1
1294,US,NYC,219,4,773.9623319909,193.4905829977,266.6199413708,36.0,47.3333333333,0
1295,UK,Manchester,271,3,723.7140606528,241.2380202176,553.4445516073,56.0,40.0,0
1296,UK,London,184,5,1309.0756136854,261.8151227371,756.0986571322,24.0,36.25,0
1297,DE,Munich,129,2,342.7225491693,171.3612745846,235.9709497399,63.0,13.0,0
1298,UK,Manchester,251,0,,,,,,1
1299,UK,Manchester,162,2,391.4983987249,195.7491993624,321.6686025182,52.0,41.0,0
1300,UK,London,280,5,1023.3254994331,204.6650998866,400.4897464675,3.0,30.25,1
1301,DE,Berlin,287,5,803.3394481572,160.6678896314,229.0230752469,22.0,40.0,0
1302,SG,Singapore,182,2,557.8668668758,278.9334334379,400.1133295035,13.0,48.0,0
1303,UK,London,180,6,549.8146897145,91.6357816191,126.9442838187,50.0,18.4,0
1304,IN,Delhi,159,2,351.0094767206,175.5047383603,185.3709677539,10.0,58.0,1
1305,IN,Bengaluru,139,3,447.3200414151,149.1066804717,249.0955278192,86.0,12.5,0
1306,US,NYC,84,2,105.3624499348,52.6812249674,52.6812249674,10.0,33.0,1
1307,SG,Singapore,185,3,381.340795433,127.1135984777,171.3763652245,126.0,8.0,0
1308,US,NYC,228,1,175.688969119,175.688969119,175.688969119,196.0,,0
1309,DE,Berlin,124,1,445.6512717251,445.6512717251,445.6512717251,119.0,,1
1310,SG,Singapore,239,1,91.385498401,91.385498401,91.385498401,11.0,,0
1311,DE,Munich,202,2,375.7335246049,187.8667623025,319.7130740183,78.0,50.0,1
1312,UK,London,281,9,2093.6465233797,232.6273914866,557.7335770801,8.0,23.125,0
1313,SG,Singapore,293,6,853.297342794,142.216223799,338.5564991813,17.0,33.0,1
1314,US,SF,87,1,104.0859725387,104.0859725387,104.0859725387,74.0,,0
1315,IN,Delhi,115,1,275.5663171315,275.5663171315,275.5663171315,82.0,,0
1316,UK,Manchester,146,2,230.4266849207,115.2133424603,143.4414362965,56.0,19.0,0
1317,DE,Berlin,209,8,1430.447930163,178.8059912704,394.6810533769,22.0,20.8571428571,0
1318,IN,Bengaluru,260,2,152.2865949423,76.1432974712,102.5038582582,16.0,15.0,0
1319,IN,Mumbai,264,2,202.1160906971,101.0580453485,133.9183124285,136.0,26.0,0
1320,SG,Singapore,244,8,1621.079659286,202.6349574108,462.7047525792,14.0,22.8571428571,1
1321,SG,Singapore,178,1,126.7356266416,126.7356266416,126.7356266416,24.0,,0
1322,UK,Manchester,142,1,148.8510788205,148.8510788205,148.8510788205,36.0,,1
1323,UK,London,154,2,541.4248176601,270.71240883,415.1884396663,14.0,5.0,0
1324,SG,Singapore,237,7,1418.8560017707,202.6937145387,301.0589420719,1.0,31.8333333333,0
1325,IN,Hyderabad,89,1,82.0914900898,82.0914900898,82.0914900898,71.0,,0
1326,DE,Berlin,136,1,49.1147752482,49.1147752482,49.1147752482,44.0,,0
1327,DE,Munich,177,5,594.2520768831,118.8504153766,205.952158821,15.0,16.5,0
1328,DE,Berlin,164,2,460.5394407084,230.2697203542,294.717396177,41.0,80.0,0
1329,DE,Berlin,206,5,615.1885107613,123.0377021523,160.0982210987,45.0,30.75,0
1330,SG,Singapore,244,11,1984.9120251375,180.4465477398,358.9857510023,32.0,16.7,0
1331,SG,Singapore,220,9,1756.7919590228,195.1991065581,380.3574206401,10.0,19.125,0
1332,DE,Munich,132,2,156.8121404645,78.4060702322,115.0836616642,53.0,22.0,1
1333,SG,Singapore,295,9,1581.5059711562,175.722885684,347.9681537134,14.0,18.0,0
1334,UK,London,273,5,938.4809283827,187.6961856765,506.4333514761,15.0,43.25,0
1335,IN,Mumbai,288,3,723.0878412023,241.0292804008,427.4288285198,96.0,38.5,0
1336,DE,Berlin,290,2,360.3168035016,180.1584017508,216.1832090277,78.0,34.0,0
1337,DE,Munich,111,0,,,,,,0
1338,UK,London,144,3,396.6036935498,132.2012311833,177.3178005611,24.0,59.0,1
1339,DE,Munich,194,6,1269.6376587413,211.6062764569,348.9160323225,19.0,26.8,0
1340,US,SF,277,7,1138.2771082303,162.6110154615,314.3148484986,33.0,17.1666666667,0
1341,US,SF,191,5,842.4857521738,168.4971504348,227.2791839814,10.0,41.0,1
1342,UK,Manchester,195,2,178.6725201452,89.3362600726,138.8348557559,90.0,32.0,0
1343,UK,Manchester,260,6,983.2000308918,163.8666718153,260.7029616427,10.0,37.4,0
1344,SG,Singapore,203,0,,,,,,0
1345,SG,Singapore,211,5,709.4103574845,141.8820714969,215.6326410448,32.0,39.25,0
1346,IN,Bengaluru,163,2,280.0907850016,140.0453925008,143.4261963637,16.0,43.0,0
1347,DE,Munich,159,3,553.1670513258,184.3890171086,329.5989522322,46.0,52.5,1
1348,SG,Singapore,289,6,1302.1629383136,217.0271563856,364.0688659416,2.0,36.8,0
1349,DE,Munich,216,6,1135.1811810042,189.1968635007,214.3445068176,126.0,11.8,0
1350,DE,Berlin,161,1,223.0858173357,223.0858173357,223.0858173357,81.0,,0
1351,IN,Mumbai,188,3,366.1973332745,122.0657777582,152.5324862563,2.0,75.5,0
1352,US,SF,110,0,,,,,,1
1353,US,SF,154,1,423.2209482467,423.2209482467,423.2209482467,13.0,,0
1354,SG,Singapore,263,6,1003.5506206181,167.2584367697,269.7158772396,34.0,18.8,0
1355,DE,Munich,283,3,474.7682952234,158.2560984078,202.665373519,105.0,46.5,0
1356,DE,Munich,157,3,649.6656868028,216.5552289343,277.612987357,21.0,65.5,0
1357,UK,Manchester,293,5,1035.9757714609,207.1951542922,336.6930490241,60.0,20.5,0
1358,UK,Manchester,170,4,684.6633239603,171.1658309901,278.7289269482,20.0,36.3333333333,1
1359,UK,London,92,2,224.4305844226,112.2152922113,118.4403966746,52.0,9.0,1
1360,IN,Bengaluru,172,1,134.689403147,134.689403147,134.689403147,55.0,,0
1361,UK,London,213,5,1390.1521072562,278.0304214512,504.7586183796,19.0,41.5,1
1362,SG,Singapore,157,2,266.6971267037,133.3485633519,136.6407666243,14.0,59.0,0
1363,US,NYC,198,6,1223.0517741642,203.8419623607,361.6891412663,120.0,9.2,0
1364,DE,Munich,179,3,628.5205428938,209.5068476313,292.6199528464,35.0,67.5,0
1365,SG,Singapore,92,2,382.2224730901,191.111236545,258.2238634105,9.0,47.0,1
1366,IN,Bengaluru,214,6,884.8746982153,147.4791163692,236.0714760344,24.0,32.0,0
1367,UK,London,87,1,185.1374555393,185.1374555393,185.1374555393,26.0,,1
1368,UK,London,100,1,183.8238146228,183.8238146228,183.8238146228,13.0,,1
1369,UK,London,256,5,767.089622718,153.4179245436,188.5782858328,113.0,19.0,0
1370,SG,Singapore,283,5,837.9594884894,167.5918976979,377.5347670206,8.0,43.25,0
1371,UK,London,276,5,659.8422660573,131.9684532115,249.3365919044,56.0,32.0,1
1372,IN,Mumbai,294,8,1300.8530388358,162.6066298545,423.2963107171,13.0,22.7142857143,0
1373,US,Austin,278,4,561.7517303819,140.4379325955,318.4171216847,34.0,53.3333333333,0
1374,DE,Berlin,149,2,388.3400654597,194.1700327299,270.6541336406,78.0,57.0,1
1375,IN,Mumbai,283,3,795.7527162346,265.2509054115,435.5958696502,108.0,41.5,1
1376,DE,Munich,228,2,234.2917619361,117.145880968,127.0355428415,26.0,30.0,0
1377,DE,Munich,113,2,310.2860782564,155.1430391282,192.5293415231,55.0,28.0,1
1378,US,NYC,293,3,737.7789947275,245.9263315758,338.7545509359,58.0,60.5,0
1379,UK,Manchester,120,1,387.406273424,387.406273424,387.406273424,100.0,,0
1380,IN,Delhi,237,9,1275.5966523646,141.7329613738,220.2670216918,44.0,18.25,0
1381,DE,Munich,273,8,2225.9747014202,278.2468376775,852.7492394857,1.0,24.7142857143,0
1382,IN,Delhi,145,4,852.7510303131,213.1877575783,330.0417253687,36.0,35.3333333333,1
1383,US,NYC,160,1,86.8089859998,86.8089859998,86.8089859998,22.0,,0
1384,SG,Singapore,106,0,,,,,,1
1385,IN,Bengaluru,137,1,66.7216929314,66.7216929314,66.7216929314,31.0,,0
1386,IN,Hyderabad,122,1,152.8499679698,152.8499679698,152.8499679698,32.0,,1
1387,SG,Singapore,237,1,163.3172477872,163.3172477872,163.3172477872,158.0,,0
1388,SG,Singapore,260,4,914.7085489925,228.6771372481,331.1052818801,51.0,32.0,1
1389,DE,Munich,134,2,220.6197776146,110.3098888073,126.0536201806,52.0,14.0,1
1390,UK,Manchester,121,2,350.0559637708,175.0279818854,244.4291761961,75.0,9.0,0
1391,UK,London,81,0,,,,,,0
1392,SG,Singapore,208,3,782.9081420793,260.9693806931,393.121029096,15.0,57.5,0
1393,US,Austin,217,3,391.4045942024,130.4681980675,218.6513790525,74.0,11.5,0
1394,US,SF,128,0,,,,,,1
1395,IN,Bengaluru,224,4,562.6058015355,140.6514503839,205.4362346858,45.0,45.6666666667,1
1396,US,NYC,94,1,296.7821999632,296.7821999632,296.7821999632,90.0,,0
1397,SG,Singapore,110,0,,,,,,0
1398,US,NYC,204,0,,,,,,0
1399,DE,Munich,134,1,78.999008384,78.999008384,78.999008384,86.0,,1
1400,SG,Singapore,133,1,301.4488405251,301.4488405251,301.4488405251,25.0,,0
